Plot,Side,Sex,Quadrat,Weight,Color
11,E,F,1,0.9341,plain
11,E,F,2,0.8149,plain
11,E,F,2,0.865,plain
11,E,F,2,1.6427,plain
11,E,F,2,0.1437,plain
11,E,F,2,0.2213,plain
11,E,F,2,0.2458,plain
11,E,F,2,0.5444,plain
11,E,F,3,0.4872,plain
11,E,F,3,0.1142,plain
11,E,F,3,0.1256,plain
11,E,F,3,0.0563,purple
11,E,F,3,0.0856,purple
11,E,F,4,0.3429,plain
11,E,F,4,0.3649,plain
11,E,F,4,0.7507,plain
11,E,F,4,0.1049,plain
11,E,F,4,0.1503,plain
11,E,F,4,0.1904,plain
11,E,F,4,0.0759,red
11,E,F,5,0.0804,blue
11,E,F,5,0.2421,plain
11,E,F,8,0.8047,plain
11,E,F,8,0.3987,plain
11,E,M,2,1.53,plain
11,E,M,2,0.2887,plain
11,E,M,2,0.1187,red
11,E,M,3,0.0324,purple
11,E,M,3,0.0341,purple
11,E,M,3,0.0942,purple
11,E,M,3,0.0192,red
11,E,M,4,1.7008,plain
11,E,M,4,0.1102,plain
11,E,M,4,0.1034,plain
11,E,M,4,0.2183,plain
11,E,M,4,0.0227,yellow
11,E,M,4,0.0404,yellow
11,E,M,4,0.0336,yellow
11,W,F,1,0.0693,plain
11,W,F,1,0.1525,plain
11,W,F,1,1.0545,plain
11,W,F,1,2.9692,plain
11,W,F,4,1.0237,plain
11,W,F,4,0.325,plain
11,W,F,5,0.0572,plain
11,W,F,5,0.0681,plain
11,W,F,5,0.1009,plain
11,W,F,5,0.1162,plain
11,W,F,5,0.1312,plain
11,W,F,5,0.1367,plain
11,W,F,5,0.1859,plain
11,W,F,5,0.4286,plain
11,W,F,5,0.4848,plain
11,W,F,5,0.1926,plain
11,W,F,5,0.0616,purple
11,W,F,5,0.109,purple
11,W,F,8,0.0853,purple
11,W,M,1,0.0502,plain
11,W,M,1,0.2662,plain
11,W,M,1,0.6646,plain
11,W,M,1,0.0671,plain
11,W,M,1,0.2817,plain
11,W,M,2,0.5803,plain
11,W,M,2,0.1048,plain
11,W,M,2,3.7508,plain
11,W,M,5,0.0349,blue
11,W,M,5,0.098,plain
11,W,M,5,0.0462,plain
11,W,M,5,0.0756,plain
11,W,M,5,0.109,plain
11,W,M,5,0.3163,plain
11,W,M,5,0.3425,plain
11,W,M,5,0.1573,plain
11,W,M,8,0.2667,plain
12,E,F,5,0.0155,red
12,E,F,8,0.29,plain
12,E,M,1,0.0197,plain
12,E,M,3,0.0036,red
12,E,M,4,0.0251,orange
12,E,U,8,0.0016,orange
12,E,U,8,0.0073,orange
12,E,U,8,0.0128,plain
12,W,U,2,0.0116,orange
13,E,F,1,0.1205,prism orange
13,W,F,5,4.2383,prism purple
13,W,F,8,0.4017,lime green
14,E,F,1,0.0594,lime green
14,E,F,1,0.287,lime green
14,E,F,1,0.1724,plain
14,E,F,1,0.0234,plain
14,E,F,1,0.0395,plain
14,E,F,1,0.0442,plain
14,E,F,1,0.0657,plain
14,E,F,1,0.1045,plain
14,E,F,1,0.1164,plain
14,E,F,1,0.1278,plain
14,E,F,1,0.5588,teal
14,E,F,1,1.2202,teal
14,E,F,1,1.8339,teal
14,E,F,1,0.1385,teal
14,E,F,1,0.3521,teal
14,E,F,1,0.0899,teal
14,E,F,1,0.1599,teal
14,E,F,1,0.1665,teal
14,E,F,1,0.1897,teal
14,E,F,1,0.343,teal
14,E,F,1,0.8855,teal
14,E,F,1,0.0321,yellow
14,E,F,1,0.0581,yellow
14,E,F,2,0.4057,green
14,E,F,2,0.473,green
14,E,F,2,0.4761,green
14,E,F,2,0.4834,green
14,E,F,2,0.5011,green
14,E,F,2,0.9159,green
14,E,F,2,1.2927,green
14,E,F,2,1.7617,green
14,E,F,2,0.0101,green
14,E,F,2,0.068,green
14,E,F,2,0.0922,green
14,E,F,2,0.1116,green
14,E,F,2,0.1443,green
14,E,F,2,0.1453,green
14,E,F,2,0.15,green
14,E,F,2,0.164,green
14,E,F,2,0.1783,green
14,E,F,2,0.1807,green
14,E,F,2,0.2039,green
14,E,F,2,0.309,green
14,E,F,2,0.3261,green
14,E,F,2,0.4993,green
14,E,F,2,0.5099,green
14,E,F,2,0.0359,plain
14,E,F,2,0.0548,plain
14,E,F,2,0.0748,plain
14,E,F,2,0.1081,plain
14,E,F,2,0.1491,plain
14,E,F,2,0.1906,plain
14,E,F,2,0.2113,plain
14,E,F,2,0.0615,prism red
14,E,F,2,0.0119,red
14,E,F,2,0.0141,red
14,E,F,2,0.0205,red
14,E,F,2,0.0223,red
14,E,F,2,0.0258,red
14,E,F,2,0.0488,red
14,E,F,2,0.063,red
14,E,F,2,0.0109,red
14,E,F,2,0.0205,red
14,E,F,2,0.0385,red
14,E,F,3,0.1361,green
14,E,F,3,0.2142,green
14,E,F,3,0.2518,green
14,E,F,3,0.2564,green
14,E,F,3,0.356,green
14,E,F,3,0.4454,green
14,E,F,3,0.4542,green
14,E,F,3,0.4576,green
14,E,F,3,0.4617,green
14,E,F,3,0.5032,green
14,E,F,3,0.5203,green
14,E,F,3,0.8632,green
14,E,F,3,1.0129,green
14,E,F,3,0.6702,green
14,E,F,3,0.7316,green
14,E,F,3,0.8005,green
14,E,F,3,0.8501,green
14,E,F,3,0.8866,green
14,E,F,3,0.9238,green
14,E,F,3,1.1152,green
14,E,F,3,1.2697,green
14,E,F,3,1.4057,green
14,E,F,3,0.0837,plain
14,E,F,3,0.0951,plain
14,E,F,3,0.0981,plain
14,E,F,3,0.214,plain
14,E,F,3,0.2727,plain
14,E,F,3,0.4803,plain
14,E,F,3,0.0529,plain
14,E,F,3,0.01,prism red
14,E,F,3,0.0346,prism red
14,E,F,3,0.0427,prism red
14,E,F,3,0.1646,prism red
14,E,F,3,0.1801,prism red
14,E,F,4,0.532,green
14,E,F,4,0.9074,green
14,E,F,4,3.5122,green
14,E,F,4,0.1603,green
14,E,F,4,0.0414,lime green
14,E,F,4,0.1394,lime green
14,E,F,4,0.0753,lime green
14,E,F,4,0.0878,lime green
14,E,F,5,1.3374,green
14,E,F,5,0.361,plain
14,E,F,6,0.1541,green
14,E,F,6,0.3152,green
14,E,F,6,0.6735,green
14,E,F,7,0.0059,yellow
14,E,F,7,0.0059,yellow
14,E,F,7,0.0099,yellow
14,E,F,8,0.0406,green
14,E,F,8,0.052,green
14,E,F,8,0.0746,green
14,E,F,8,0.1097,green
14,E,F,8,0.141,green
14,E,F,8,0.2517,green
14,E,F,8,0.366,green
14,E,F,8,0.5721,green
14,E,F,8,0.6364,green
14,E,F,8,0.1409,green
14,E,F,8,0.2885,green
14,E,F,8,0.8025,green
14,E,F,8,0.448,green
14,E,F,8,0.2508,green
14,E,F,8,0.2287,green
14,E,F,8,0.2217,green
14,E,F,8,0.1018,green
14,E,F,8,0.1382,green
14,E,F,8,0.1367,green
14,E,F,8,0.1957,green
14,E,F,8,0.4802,green
14,E,F,8,0.1489,lime green
14,E,F,8,0.0328,lime green
14,E,F,8,0.1866,lime green
14,E,F,8,0.024,plain
14,E,F,8,0.0257,plain
14,E,F,8,0.0559,plain
14,E,F,8,0.0639,plain
14,E,F,8,0.0849,plain
14,E,F,8,0.1084,plain
14,E,F,8,0.1143,plain
14,E,F,8,0.1385,plain
14,E,F,8,0.3245,plain
14,E,M,1,0.0154,lime green
14,E,M,1,0.0269,lime green
14,E,M,1,0.0848,teal
14,E,M,1,0.1223,teal
14,E,M,1,0.1258,teal
14,E,M,1,0.1842,teal
14,E,M,1,0.2472,teal
14,E,M,1,0.283,teal
14,E,M,1,0.3977,teal
14,E,M,1,0.5506,teal
14,E,M,2,0.2629,green
14,E,M,2,0.5826,green
14,E,M,2,0.0257,plain
14,E,M,2,0.0431,plain
14,E,M,2,0.0512,plain
14,E,M,2,0.0893,plain
14,E,M,2,0.0903,plain
14,E,M,2,0.1255,plain
14,E,M,2,0.2967,plain
14,E,M,2,0.0632,plain
14,E,M,2,0.1198,plain
14,E,M,3,0.0436,plain
14,E,M,3,0.0502,plain
14,E,M,3,0.0542,plain
14,E,M,3,0.0545,plain
14,E,M,3,0.0645,plain
14,E,M,3,0.0991,plain
14,E,M,3,0.1069,plain
14,E,M,3,0.1161,plain
14,E,M,3,0.1197,plain
14,E,M,3,0.1279,plain
14,E,M,3,0.1282,plain
14,E,M,3,0.1496,plain
14,E,M,3,0.1771,plain
14,E,M,3,0.2469,plain
14,E,M,3,0.2488,plain
14,E,M,3,0.3023,plain
14,E,M,3,0.3058,plain
14,E,M,3,0.4681,plain
14,E,M,3,0.0129,prism red
14,E,M,4,0.5543,green
14,E,M,4,0.8901,green
14,E,M,4,0.9051,green
14,E,M,4,0.0535,green
14,E,M,4,0.071,green
14,E,M,4,0.0205,lime green
14,E,M,7,0.0077,green
14,E,M,7,0.0249,green
14,E,M,7,0.0315,green
14,E,M,7,0.0103,lime green
14,E,M,8,0.0236,green
14,E,M,8,0.0322,green
14,E,M,8,0.0441,green
14,E,M,8,0.0498,green
14,E,M,8,0.0506,green
14,E,M,8,0.0593,green
14,E,M,8,0.068,green
14,E,M,8,0.0917,green
14,E,M,8,0.096,green
14,E,M,8,0.1142,green
14,E,M,8,0.1577,green
14,E,M,8,0.1871,green
14,E,M,8,0.2589,green
14,E,M,8,0.0716,green
14,E,M,8,0.0728,green
14,E,M,8,0.1263,green
14,E,M,8,0.1293,green
14,E,M,8,0.1849,green
14,E,M,8,0.1864,green
14,E,M,8,0.2465,green
14,E,M,8,0.4619,green
14,E,M,8,0.5082,green
14,E,M,8,0.0156,lime green
14,E,M,8,0.0215,lime green
14,E,M,8,0.027,lime green
14,E,M,8,0.0297,lime green
14,E,M,8,0.0371,lime green
14,E,M,8,0.0112,plain
14,E,M,8,0.0115,plain
14,E,M,8,0.0183,plain
14,E,M,8,0.026,plain
14,E,M,8,0.0298,plain
14,E,M,8,0.0345,plain
14,E,M,8,0.0354,plain
14,E,M,8,0.0483,plain
14,E,M,8,0.0513,plain
14,E,M,8,0.0518,plain
14,E,M,8,0.0962,plain
14,E,M,8,0.108,plain
14,E,M,8,0.2717,plain
14,E,M,8,0.0197,plain
14,E,M,8,0.0699,plain
14,E,M,8,0.1062,plain
14,E,U,1,0.0034,plain
14,E,U,1,0.0095,plain
14,E,U,1,0.0215,plain
14,E,U,1,0.0893,plain
14,E,U,2,0.221,green
14,E,U,3,0.004,bamboo green
14,E,U,3,0.0082,bamboo green
14,E,U,3,0.1257,green
14,E,U,3,0.0138,prism red
14,E,U,3,0.0142,prism red
14,E,U,3,0.0188,prism red
14,E,U,6,0.0491,green
14,E,U,6,0.0733,green
14,E,U,6,0.0877,green
14,E,U,6,0.0901,green
14,E,U,6,0.014,lime green
14,E,U,7,0.0191,purple
14,E,U,8,0.0091,green
14,E,U,8,0.02,green
14,E,U,8,0.062,green
14,W,F,1,0.0048,red
14,W,F,1,0.0073,red
14,W,F,1,0.0078,red
14,W,F,1,0.0108,red
14,W,F,1,0.018,red
14,W,F,1,0.0267,red
14,W,F,1,0.0281,red
14,W,F,1,0.032,red
14,W,F,1,0.0381,red
14,W,F,1,0.0457,red
14,W,F,1,0.1364,red
14,W,F,1,0.9595,teal
14,W,F,1,1.4023,teal
14,W,F,2,0.1002,plain
14,W,F,2,0.1268,plain
14,W,F,2,0.4216,plain
14,W,F,2,0.0369,prism red
14,W,F,2,0.037,prism red
14,W,F,3,0.1663,lime green
14,W,F,3,0.0102,plain
14,W,F,3,0.0111,plain
14,W,F,3,0.0113,plain
14,W,F,3,0.0134,plain
14,W,F,3,0.0139,plain
14,W,F,3,0.0149,plain
14,W,F,3,0.0168,plain
14,W,F,3,0.0191,plain
14,W,F,3,0.02,plain
14,W,F,3,0.0216,plain
14,W,F,3,0.0219,plain
14,W,F,3,0.0227,plain
14,W,F,3,0.0293,plain
14,W,F,3,0.0348,plain
14,W,F,3,0.0354,plain
14,W,F,3,0.0373,plain
14,W,F,3,0.0513,plain
14,W,F,3,0.055,teal
14,W,F,3,0.0556,teal
14,W,F,3,0.1163,teal
14,W,F,3,0.1454,teal
14,W,F,3,0.207,teal
14,W,F,3,0.2129,teal
14,W,F,3,0.2874,teal
14,W,F,3,0.2967,teal
14,W,F,3,0.2992,teal
14,W,F,3,0.326,teal
14,W,F,3,0.344,teal
14,W,F,3,0.3622,teal
14,W,F,3,0.3747,teal
14,W,F,3,0.4088,teal
14,W,F,4,0.1975,plain
14,W,F,4,0.208,plain
14,W,F,4,0.0372,teal
14,W,F,4,0.0638,teal
14,W,F,4,0.3106,teal
14,W,F,4,1.5007,teal
14,W,F,4,1.6605,teal
14,W,F,4,2.0032,teal
14,W,F,4,2.1564,teal
14,W,F,5,1.841,teal
14,W,F,5,5.9587,teal
14,W,F,6,0.0353,teal
14,W,F,6,0.0774,teal
14,W,F,6,0.1862,teal
14,W,F,6,0.4227,teal
14,W,F,6,0.2402,teal
14,W,F,7,0.2556,red
14,W,F,7,0.6265,teal
14,W,F,7,2.1394,teal
14,W,M,3,0.0531,lime green
14,W,M,3,0.0202,plain
14,W,M,3,0.0412,plain
14,W,M,3,0.0422,plain
14,W,M,3,0.0324,teal
14,W,M,3,0.0419,teal
14,W,M,3,0.1361,teal
14,W,M,3,0.1419,teal
14,W,M,3,0.1552,teal
14,W,M,3,0.2621,teal
14,W,M,3,0.2682,teal
14,W,M,3,0.3109,teal
14,W,M,3,0.3122,teal
14,W,M,3,0.322,teal
14,W,M,4,0.0087,red
14,W,M,4,0.1477,teal
14,W,M,4,0.1905,teal
14,W,M,4,0.1929,teal
14,W,M,4,0.199,teal
14,W,M,4,0.3718,teal
14,W,M,5,0.2434,red
14,W,M,6,0.5325,teal
14,W,M,6,0.5511,teal
14,W,M,7,0.1775,teal
14,W,M,7,0.7144,teal
14,W,M,7,0.2016,teal
14,W,U,2,0.0097,prism red
14,W,U,3,0.0041,red
14,W,U,3,0.044,red
14,W,U,4,0.0173,prism red
14,W,U,4,0.1295,red
16,E,F,1,0.3666,plain
16,E,F,4,0.1386,plain
16,E,F,4,0.0445,plain
16,E,F,4,0.1756,plain
16,E,M,1,0.0033,orange
16,E,M,3,0.1557,plain
16,E,M,4,0.0027,orange
16,E,M,4,0.0054,orange
16,E,U,1,0.0012,orange
16,E,U,2,0.0047,blue
16,E,U,2,0.0008,orange
16,E,U,2,0.0406,orange
16,E,U,2,0.0396,plain
16,E,U,4,0.0042,blue
16,E,U,4,0.0015,orange
16,E,U,4,0.0037,orange
16,E,U,4,0.0084,orange
16,E,U,4,0.0095,orange
16,E,U,4,0.1781,plain
16,E,U,5,0.0031,blue
16,E,U,5,0.0108,orange
16,E,U,5,0.0116,orange
16,E,U,5,0.0976,orange
16,E,U,6,0.0016,blue
16,E,U,6,0.0039,blue
16,E,U,6,0.0151,orange
16,E,U,6,0.023,plain
16,W,F,2,0.1242,plain
16,W,F,2,3.1643,plain
16,W,F,4,0.1978,plain
16,W,F,4,1.1035,plain
16,W,F,5,0.7707,plain
16,W,F,7,0.0408,plain
16,W,F,7,0.0415,plain
16,W,M,1,0.4483,plain
16,W,M,2,0.1936,plain
16,W,M,4,0.0347,plain
16,W,M,5,1.7255,plain
16,W,M,7,0.0299,plain
16,W,M,7,0.1163,plain
16,W,M,7,0.3078,plain
16,W,M,8,0.4149,plain
16,W,U,1,0.0016,orange
16,W,U,2,0.0479,orange
16,W,U,3,0.0206,orange
16,W,U,3,0.0038,plain
16,W,U,3,0.3756,plain
16,W,U,4,0.0038,orange
16,W,U,4,0.0242,orange
16,W,U,4,0.0157,plain
16,W,U,4,0.0424,plain
16,W,U,4,0.0571,plain
16,W,U,5,0.0028,orange
16,W,U,5,0.0034,orange
16,W,U,5,0.0034,orange
16,W,U,5,0.006,orange
16,W,U,5,0.0759,plain
17,E,F,1,0.1122,blue
17,E,F,1,0.3009,plain
17,E,F,1,0.3639,plain
17,E,F,3,0.0316,plain
17,E,F,3,0.0521,plain
17,E,F,3,0.0651,plain
17,E,F,3,0.1624,plain
17,E,F,3,0.224,plain
17,E,F,3,0.2523,plain
17,E,F,3,0.3694,plain
17,E,F,4,0.0011,blue
17,E,F,4,0.0024,blue
17,E,F,4,0.0027,blue
17,E,F,4,0.0046,blue
17,E,F,4,0.0067,blue
17,E,F,4,0.0088,blue
17,E,F,4,0.0117,blue
17,E,F,4,0.013,blue
17,E,F,4,0.0452,blue
17,E,F,4,0.0539,blue
17,E,F,4,0.0365,plain
17,E,F,4,0.0426,plain
17,E,F,4,0.0476,plain
17,E,F,4,0.0484,plain
17,E,F,4,0.0542,plain
17,E,F,4,0.06,plain
17,E,F,4,0.0828,plain
17,E,F,4,0.0875,plain
17,E,F,4,0.1292,plain
17,E,F,4,0.1355,plain
17,E,F,4,0.1481,plain
17,E,F,4,0.244,plain
17,E,F,4,0.3171,plain
17,E,F,4,0.3569,plain
17,E,F,4,0.0316,plain
17,E,F,4,0.06,plain
17,E,F,5,0.0384,plain
17,E,F,8,0.1054,plain
17,E,F,8,0.1446,plain
17,E,M,1,0.0734,blue
17,E,M,3,0.0532,blue
17,E,M,3,0.032,blue
17,E,M,3,0.0684,blue
17,E,M,3,0.0688,blue
17,E,M,3,0.0124,plain
17,E,M,3,0.0246,plain
17,E,M,3,0.0547,plain
17,E,M,3,0.0185,plain
17,E,M,3,0.1347,plain
17,E,M,3,0.1432,plain
17,E,M,3,0.2138,plain
17,E,M,4,0.1025,blue
17,E,M,4,0.0071,blue
17,E,M,4,0.0078,blue
17,E,M,4,0.0108,blue
17,E,M,4,0.0118,blue
17,E,M,4,0.0161,blue
17,E,M,4,0.0167,blue
17,E,M,4,0.0261,blue
17,E,M,4,0.0285,blue
17,E,M,4,0.0302,blue
17,E,M,4,0.015,plain
17,E,M,4,0.0631,plain
17,E,M,4,0.1083,plain
17,E,M,4,0.1744,plain
17,E,M,4,0.0831,plain
17,E,M,4,0.0159,plain
17,E,M,4,0.0391,plain
17,E,M,4,0.157,plain
17,E,M,4,0.0123,yellow
17,E,M,8,0.2201,plain
17,W,F,2,0.0505,blue
17,W,F,2,0.2468,blue
17,W,F,2,0.0767,green
17,W,F,2,0.0968,green
17,W,F,2,0.2278,green
17,W,F,2,0.1264,green
17,W,F,2,0.1333,green
17,W,F,2,0.4933,green
17,W,F,2,1.3869,orange
17,W,F,2,0.0634,purple
17,W,F,3,0.0496,blue
17,W,F,3,0.2852,blue
17,W,F,3,0.2884,blue
17,W,F,3,0.0118,plain
17,W,F,3,0.012,plain
17,W,F,3,0.1226,plain
17,W,F,3,0.1431,plain
17,W,F,3,0.792,plain
17,W,F,3,0.477,plain
17,W,F,3,0.5746,plain
17,W,F,3,0.8316,plain
17,W,F,3,1.1437,plain
17,W,F,3,1.4321,plain
17,W,F,4,0.523,blue
17,W,F,4,0.7145,blue
17,W,F,4,0.6593,orange
17,W,F,4,1.5898,orange
17,W,F,4,2.3033,orange
17,W,F,4,0.054,plain
17,W,F,4,0.0732,plain
17,W,F,4,0.0816,plain
17,W,F,4,0.1354,plain
17,W,F,4,0.1415,plain
17,W,F,4,0.1226,plain
17,W,F,4,0.1477,plain
17,W,F,5,0.1031,blue
17,W,F,5,0.1834,blue
17,W,F,5,0.5992,blue
17,W,F,5,0.4497,orange
17,W,F,5,0.7036,orange
17,W,F,5,1.022,orange
17,W,F,5,1.4234,orange
17,W,F,5,0.1814,plain
17,W,F,6,0.0306,blue
17,W,F,6,0.0525,blue
17,W,F,6,0.1022,blue
17,W,F,6,0.0921,"orange, yellow"
17,W,F,6,0.1128,"orange, yellow"
17,W,F,6,0.1039,"orange, yellow"
17,W,F,6,0.1579,"orange, yellow"
17,W,F,6,0.5082,"orange, yellow"
17,W,F,7,0.0322,plain
17,W,F,7,0.1586,plain
17,W,F,7,0.0347,plain
17,W,F,7,0.0543,purple
17,W,F,7,0.0078,purple
17,W,F,7,0.0127,purple
17,W,F,7,0.0177,purple
17,W,F,7,0.0341,purple
17,W,F,7,0.0929,yellow
17,W,F,7,0.18,yellow
17,W,F,7,0.3422,yellow
17,W,M,2,0.0539,blue
17,W,M,2,0.3551,green
17,W,M,2,0.2303,green
17,W,M,2,0.3162,green
17,W,M,2,0.5477,green
17,W,M,2,0.8865,green
17,W,M,3,0.3478,blue
17,W,M,3,0.509,blue
17,W,M,3,0.0155,plain
17,W,M,3,0.0594,plain
17,W,M,3,0.2752,plain
17,W,M,4,0.5341,orange
17,W,M,4,0.058,plain
17,W,M,4,0.0756,plain
17,W,M,5,0.2025,blue
17,W,M,5,0.0583,green
17,W,M,6,0.0276,blue
17,W,M,6,0.0898,blue
17,W,M,6,0.0551,plain
17,W,M,6,0.0136,purple
17,W,M,6,0.1137,yellow
17,W,M,7,0.1878,blue
17,W,M,7,0.0288,plain
17,W,M,7,0.032,plain
17,W,M,7,0.157,plain
17,W,M,7,0.0066,purple
17,W,M,7,0.0448,yellow
17,W,M,7,0.0902,yellow
17,W,M,7,0.143,yellow
19,E,F,1,0.1324,orange
19,E,F,1,0.9294,orange
19,E,F,1,2.1359,orange
19,E,F,2,0.0942,blue
19,E,F,2,5.1985,plain
19,E,F,2,4.4222,plain
19,E,F,2,0.9922,plain
19,E,F,2,0.2848,plain
19,E,F,2,0.4764,plain
19,E,F,3,0.2519,plain
19,E,F,3,0.1398,plain
19,E,F,3,4.0442,plain
19,E,F,4,0.6659,plain
19,E,F,4,0.7073,plain
19,E,F,5,0.0227,blue
19,E,F,5,0.1108,plain
19,E,F,5,1.4049,plain
19,E,F,5,0.5072,plain
19,E,F,5,1.691,plain
19,E,F,6,1.0018,plain
19,E,F,7,0.512,plain
19,E,F,7,0.0931,plain
19,E,F,7,0.6343,plain
19,E,F,7,0.4517,plain
19,E,F,7,1.9336,plain
19,E,F,7,0.0452,red
19,E,F,8,0.1267,blue
19,E,F,8,0.1383,plain
19,E,F,8,0.0989,plain
19,E,F,8,0.6616,plain
19,E,F,8,1.684,plain
19,E,F,8,4.019,plain
19,E,M,1,0.0511,blue
19,E,M,1,0.2365,plain
19,E,M,2,0.0328,blue
19,E,M,2,0.0394,blue
19,E,M,2,1.539,plain
19,E,M,2,2.5708,plain
19,E,M,3,0.0408,blue
19,E,M,3,0.0097,lime green
19,E,M,3,0.3298,plain
19,E,M,3,1.3618,plain
19,E,M,4,5.8066,plain
19,E,M,5,0.4415,plain
19,E,M,5,1.6433,plain
19,E,M,6,0.0263,blue
19,E,M,6,0.1147,plain
19,E,M,7,0.004,blue
19,E,M,7,0.0078,blue
19,E,M,7,0.5136,plain
19,E,M,7,0.0863,plain
19,E,M,7,2.8771,plain
19,E,M,7,2.2155,plain
19,E,M,7,1.0146,plain
19,E,M,7,4.1986,plain
19,E,M,8,0.0318,blue
19,E,M,8,0.3044,plain
19,E,M,8,1.2563,plain
19,E,U,1,0.0026,lime green
19,E,U,2,0.0333,blue
19,E,U,2,0.0376,blue
19,E,U,2,0.0044,lime green
19,E,U,2,0.0076,lime green
19,E,U,2,0.2083,plain
19,E,U,2,0.0034,red
19,E,U,3,0.0019,lime green
19,E,U,3,0.1283,plain
19,E,U,3,0.0354,plain
19,E,U,4,0.0031,red
19,E,U,5,0.0008,red
19,E,U,7,0.0173,blue
19,E,U,7,0.0037,red
19,E,U,8,0.001,blue
19,E,U,8,0.0036,blue
19,E,U,8,0.0137,blue
19,W,F,6,0.0491,purple
19,W,F,6,0.0674,purple
19,W,F,6,0.074,purple
19,W,M,1,0.0064,lime green
19,W,M,7,0.0041,red
19,W,U,1,0.0982,plain
19,W,U,3,0.0022,plain
19,W,U,5,0.0168,blue
19,W,U,6,0.003,purple
19,W,U,6,0.0085,red
19,W,U,8,0.0015,blue
21,E,F,2,1.9177,plain
21,E,F,4,0.266,plain
21,E,F,5,0.1973,plain
21,E,F,7,1.5656,plain
21,E,F,7,0.0362,plain
21,E,M,7,1.0462,plain
21,E,M,8,0.0362,plain
21,E,U,8,0.0054,plain
21,W,F,4,0.4125,plain
21,W,F,4,0.64,plain
21,W,F,4,1.8019,plain
21,W,F,4,2.3785,plain
21,W,M,1,0.1176,blue
21,W,M,2,0.0099,blue
21,W,U,2,0.0022,lime green
21,W,U,2,0.0026,orange
21,W,U,6,0.159,blue
21,W,U,7,0.0068,blue
22,E,F,1,0.0726,blue
22,E,F,1,0.0225,blue
22,E,F,1,0.064,blue
22,E,F,1,0.0084,red
22,E,F,2,0.0228,blue
22,E,F,2,0.0082,blue
22,E,F,2,0.029,blue
22,E,F,2,0.0363,blue
22,E,F,2,0.2162,plain
22,E,F,2,0.4244,plain
22,E,F,2,0.0038,purple
22,E,F,2,0.0336,purple
22,E,F,2,0.0037,red
22,E,F,2,0.0043,red
22,E,F,3,0.5122,blue
22,E,F,3,0.0249,purple
22,E,F,3,0.0328,purple
22,E,F,3,0.0371,purple
22,E,F,3,0.0425,purple
22,E,F,3,0.0541,purple
22,E,F,3,0.0606,purple
22,E,F,3,0.0104,red
22,E,F,3,0.0143,red
22,E,F,3,0.026,red
22,E,F,3,0.5596,white
22,E,F,3,1.2755,white
22,E,F,4,0.0095,blue
22,E,F,4,0.0095,blue
22,E,F,4,0.0182,blue
22,E,F,4,0.0192,blue
22,E,F,4,0.02,blue
22,E,F,4,0.0277,blue
22,E,F,4,0.0287,blue
22,E,F,4,0.0354,blue
22,E,F,4,0.0365,blue
22,E,F,4,0.0379,blue
22,E,F,4,0.0234,plain
22,E,F,4,0.0354,plain
22,E,F,4,0.0736,plain
22,E,F,4,0.0749,plain
22,E,F,4,0.0788,plain
22,E,F,4,0.0966,plain
22,E,F,4,0.1025,plain
22,E,F,4,0.1308,plain
22,E,F,4,0.1862,plain
22,E,F,4,0.1948,plain
22,E,F,4,0.2063,plain
22,E,F,4,0.217,plain
22,E,F,6,0.0285,blue
22,E,F,6,0.0616,blue
22,E,F,6,0.0773,blue
22,E,F,6,0.0831,blue
22,E,F,6,0.0866,blue
22,E,F,6,0.1199,blue
22,E,F,6,0.1388,blue
22,E,F,6,0.1783,blue
22,E,F,6,0.1928,blue
22,E,F,6,0.2674,blue
22,E,F,6,0.2813,blue
22,E,F,6,0.3157,blue
22,E,F,6,0.478,blue
22,E,F,6,1.182,plain
22,E,F,6,0.3698,plain
22,E,F,6,0.4126,plain
22,E,F,6,0.4632,plain
22,E,F,6,0.4818,plain
22,E,F,6,0.0071,purple
22,E,F,6,0.0315,purple
22,E,F,6,0.0072,red
22,E,F,6,0.118,red
22,E,F,6,0.1225,red
22,E,M,1,0.014,blue
22,E,M,1,0.0224,blue
22,E,M,1,0.0335,blue
22,E,M,1,0.1554,plain
22,E,M,1,0.3132,plain
22,E,M,1,0.3133,plain
22,E,M,1,0.0043,red
22,E,M,1,0.006,red
22,E,M,1,0.0132,red
22,E,M,2,0.1157,blue
22,E,M,2,0.5125,blue
22,E,M,2,0.1035,plain
22,E,M,3,0.0988,blue
22,E,M,3,0.0091,red
22,E,M,4,0.1076,plain
22,E,M,6,0.1914,blue
22,E,M,6,0.0242,blue
22,E,M,6,0.0379,blue
22,E,M,6,0.0563,blue
22,E,M,6,0.0628,blue
22,E,M,6,0.0716,blue
22,E,M,6,0.1226,blue
22,E,M,6,0.1336,blue
22,E,M,6,0.1339,blue
22,E,M,6,0.1471,blue
22,E,M,6,0.0364,plain
22,E,M,6,0.0943,plain
22,E,M,6,0.0964,plain
22,E,M,6,0.1024,plain
22,E,M,6,0.1074,plain
22,E,M,6,0.1085,plain
22,E,M,6,0.1774,plain
22,E,M,6,0.1969,plain
22,E,M,6,0.2389,plain
22,E,M,6,0.2702,plain
22,E,M,6,0.5928,plain
22,E,M,6,0.0144,red
22,E,M,6,0.0231,red
22,E,U,2,0.0016,red
22,No side,F,6,0.0821,blue
22,W,F,2,0.0289,blue
22,W,F,2,0.0031,blue
22,W,F,2,0.0036,blue
22,W,F,2,0.0111,blue
22,W,F,2,0.0174,blue
22,W,F,2,0.0295,blue
22,W,F,2,0.0533,blue
22,W,F,2,0.0746,blue
22,W,F,2,0.1171,blue
22,W,F,2,0.1582,blue
22,W,F,2,0.0997,plain
22,W,F,2,0.0125,plain
22,W,F,2,0.0751,plain
22,W,F,2,0.0871,plain
22,W,F,2,0.1424,plain
22,W,F,2,0.5714,plain
22,W,M,2,0.0202,blue
22,W,M,2,0.0396,plain
22,W,M,2,0.1238,plain
22,W,M,2,0.3125,plain
22,W,M,2,0.3698,plain
22,W,M,3,0.718,blue
22,W,M,3,0.1921,plain
23,E,F,4,0.1515,blue
23,E,F,4,0.1833,blue
23,W,F,1,0.1112,purple
23,W,F,2,0.1581,plain
23,W,F,4,0.0063,plain
23,W,F,4,0.0778,plain
23,W,F,4,0.1998,plain
23,W,F,4,0.3901,plain
23,W,F,4,0.5203,plain
23,W,F,4,0.1581,purple
23,W,F,4,0.2056,purple
23,W,F,4,0.2905,purple
23,W,F,5,0.0401,plain
23,W,F,5,0.3844,plain
23,W,F,5,0.4675,plain
23,W,F,5,0.7645,plain
23,W,F,5,0.0371,plain
23,W,F,5,0.4421,plain
23,W,F,5,0.0059,plain
23,W,F,5,0.2761,purple
23,W,F,5,0.5187,purple
23,W,F,5,0.0489,purple
23,W,F,5,0.1818,purple
23,W,F,5,0.5103,purple
23,W,F,5,0.047,purple
23,W,F,5,0.0836,purple
23,W,F,5,0.1454,purple
23,W,F,5,0.146,purple
23,W,F,5,0.2083,purple
23,W,F,5,0.2849,purple
23,W,F,5,0.0058,purple
23,W,F,6,0.5214,plain
23,W,F,6,0.85,plain
23,W,F,6,1.137,plain
23,W,M,1,0.1429,plain
23,W,M,3,0.4542,plain
23,W,M,4,0.8785,plain
23,W,M,4,0.1089,plain
23,W,M,5,0.0757,blue
23,W,M,5,0.1211,plain
23,W,M,5,0.1273,plain
23,W,M,5,0.5566,plain
23,W,M,5,0.1219,plain
23,W,M,5,0.1286,plain
23,W,M,5,0.1343,plain
23,W,M,5,0.1395,plain
23,W,M,5,0.1618,plain
23,W,M,5,0.3356,plain
23,W,M,5,0.036,plain
23,W,M,5,0.1214,purple
23,W,M,5,0.0641,purple
23,W,M,5,0.1134,purple
23,W,M,5,0.0658,red
23,W,M,7,0.064,plain
23,W,M,7,0.4408,plain
23,W,M,8,0.1253,plain
24,E,F,2,0.0035,prism orange
24,E,F,6,0.3904,prism orange
24,E,M,8,1.9044,prism purple
25,E,F,1,0.045,orange
25,E,F,1,0.0546,orange
25,E,F,1,0.0592,orange
25,E,F,1,0.0332,plain
25,E,F,1,0.7871,plain
25,E,F,2,0.0872,plain
25,E,F,3,0.1278,plain
25,E,F,3,0.2727,plain
25,E,F,4,0.0715,plain
25,E,F,4,0.1083,plain
25,E,F,4,0.1149,plain
25,E,F,4,0.1156,plain
25,E,F,4,0.3742,plain
25,E,F,4,0.5583,plain
25,E,F,4,1.1644,plain
25,E,F,4,3.1017,plain
25,E,F,5,0.0312,orange
25,E,F,5,0.0419,orange
25,E,F,5,0.0505,plain
25,E,F,5,0.14,plain
25,E,F,5,0.1466,plain
25,E,F,5,0.1567,plain
25,E,F,5,0.1624,plain
25,E,F,5,0.1771,plain
25,E,F,5,0.4713,plain
25,E,F,5,0.0216,plain
25,E,F,6,1.4659,plain
25,E,F,8,0.0425,orange
25,E,F,8,0.4735,plain
25,E,M,1,0.0397,plain
25,E,M,1,0.3165,plain
25,E,M,3,0.0221,plain
25,E,M,3,0.0258,plain
25,E,M,3,0.0631,plain
25,E,M,4,0.012,lime green
25,E,M,4,0.0652,orange
25,E,M,4,0.5763,plain
25,E,M,4,0.3791,plain
25,E,M,4,0.2969,plain
25,E,M,4,0.5778,plain
25,E,M,4,0.8961,plain
25,E,M,4,0.0768,plain
25,E,M,4,0.1711,plain
25,E,M,4,0.0955,plain
25,E,M,4,0.1541,plain
25,E,M,5,0.0601,plain
25,E,M,5,0.0805,plain
25,E,M,5,0.0148,plain
25,E,M,5,0.1263,plain
25,E,M,5,0.321,plain
25,E,M,5,0.4123,plain
25,E,M,5,1.3067,plain
25,E,M,8,0.0294,orange
25,E,U,1,0.0075,lime green
25,E,U,1,0.0022,orange
25,E,U,2,0.0073,lime green
25,E,U,2,0.0082,red
25,E,U,3,0.0011,red
25,E,U,3,0.0018,red
25,E,U,3,0.0039,red
25,E,U,3,0.0043,red
25,E,U,4,0.0044,orange
25,E,U,4,0.0129,orange
25,E,U,4,0.017,plain
25,E,U,4,0.0032,red
25,E,U,4,0.0057,red
25,E,U,4,0.0256,red
25,E,U,5,0.0023,blue
25,E,U,5,0.0022,lime green
25,E,U,5,0.0466,plain
25,E,U,5,0.012,red
25,E,U,6,0.0037,red
25,E,U,8,0.0025,lime green
25,E,U,8,0.4219,plain
25,W,F,1,0.0522,orange
25,W,F,1,0.0785,orange
25,W,F,1,0.5991,plain
25,W,F,1,0.0359,red
25,W,F,1,0.0715,red
25,W,F,2,0.0553,orange
25,W,F,2,0.0421,plain
25,W,F,2,0.2045,plain
25,W,F,3,0.2489,plain
25,W,F,4,0.0297,lime green
25,W,F,4,0.877,plain
25,W,F,4,0.0153,red
25,W,F,4,0.0203,red
25,W,F,4,0.0239,red
25,W,F,5,0.089,orange
25,W,M,1,0.0339,orange
25,W,M,1,0.0113,red
25,W,M,2,0.0118,orange
25,W,M,2,0.1047,orange
25,W,M,2,0.0089,red
25,W,M,4,0.0141,orange
25,W,M,5,0.0176,orange
25,W,M,5,0.0535,plain
25,W,M,5,0.0154,red
25,W,U,1,0.011,red
25,W,U,2,0.0049,lime green
25,W,U,2,0.013,lime green
25,W,U,2,0.0023,orange
25,W,U,2,0.0026,orange
25,W,U,2,0.0045,orange
25,W,U,2,0.0088,orange
25,W,U,2,0.023,orange
25,W,U,2,0.044,orange
25,W,U,2,0.0032,orange
25,W,U,2,0.0028,red
25,W,U,2,0.0039,red
25,W,U,2,0.0058,red
25,W,U,3,0.003,lime green
25,W,U,3,0.0018,orange
25,W,U,3,0.0125,orange
25,W,U,3,0.0145,orange
25,W,U,3,0.0017,prism blue
25,W,U,3,0.003,prism blue
25,W,U,3,0.0041,red
25,W,U,3,0.0049,red
25,W,U,3,0.008,red
25,W,U,3,0.0108,red
25,W,U,4,0.009,lime green
25,W,U,4,0.0077,orange
25,W,U,4,0.205,orange
25,W,U,4,0.0074,red
25,W,U,4,0.0092,red
25,W,U,5,0.013,orange
25,W,U,5,0.0713,plain
25,W,U,5,0.1082,plain
25,W,U,5,0.022,red
25,W,U,8,0.0069,lime green
26,W,F,4,0.1797,prism blue
27,E,F,2,0.0378,red
27,E,F,2,0.112,red
27,E,F,3,0.0115,red
27,E,M,2,0.0133,red
27,E,M,4,0.0117,red
27,E,M,7,0.0061,red
27,E,M,8,0.0919,plain
27,E,U,1,0.0018,blue
27,E,U,1,0.0012,orange
27,E,U,2,0.0033,red
27,E,U,4,0.0016,red
27,E,U,4,0.0024,red
27,E,U,7,0.0017,blue
27,E,U,7,0.004,red
27,W,F,1,0.0482,plain
27,W,F,1,0.2221,plain
27,W,F,1,0.3382,plain
27,W,F,1,0.4196,plain
27,W,F,1,0.4574,plain
27,W,F,1,0.5466,plain
27,W,F,1,0.5827,plain
27,W,F,1,1.0886,plain
27,W,F,1,1.2605,plain
27,W,F,1,1.769,plain
27,W,F,1,2.1349,plain
27,W,F,1,2.7247,plain
27,W,F,1,3.0808,plain
27,W,F,1,4.3,plain
27,W,F,1,7.6,plain
27,W,F,1,0.0068,red
27,W,F,1,0.065,red
27,W,F,1,0.0726,red
27,W,F,2,8.9,plain
27,W,F,2,0.5426,plain
27,W,F,2,0.3406,plain
27,W,F,2,0.1524,red
27,W,F,3,0.1538,plain
27,W,F,3,0.1386,plain
27,W,F,3,0.1654,plain
27,W,F,3,0.1674,plain
27,W,F,3,0.0611,plain
27,W,F,3,0.5206,plain
27,W,F,3,0.0189,red
27,W,F,4,8.4,plain
27,W,F,4,8.9,plain
27,W,F,4,0.0733,plain
27,W,F,4,0.1592,plain
27,W,F,4,0.2759,plain
27,W,F,4,0.3886,plain
27,W,F,4,0.5352,plain
27,W,F,4,1.2531,plain
27,W,F,4,1.2992,plain
27,W,F,4,1.4378,plain
27,W,F,4,3.2866,plain
27,W,F,4,0.0113,red
27,W,F,4,0.024,red
27,W,F,6,0.4029,plain
27,W,F,6,0.0136,red
27,W,F,7,4.5763,plain
27,W,F,7,5.1003,plain
27,W,F,7,7.7676,plain
27,W,F,7,3.2045,plain
27,W,F,7,0.1425,plain
27,W,F,7,0.9677,plain
27,W,F,7,0.3363,plain
27,W,F,7,0.8962,plain
27,W,F,7,0.4619,plain
27,W,F,7,0.0764,plain
27,W,F,7,0.0805,plain
27,W,F,7,0.2935,plain
27,W,F,7,1.1554,plain
27,W,F,7,0.6164,plain
27,W,F,7,0.4097,plain
27,W,F,7,1.5075,plain
27,W,F,7,0.1181,plain
27,W,F,7,0.2261,plain
27,W,F,7,0.7349,plain
27,W,F,7,0.4739,plain
27,W,F,7,0.0513,red
27,W,F,7,0.0691,red
27,W,F,8,0.4033,plain
27,W,F,8,0.8405,plain
27,W,F,8,3.096,plain
27,W,F,8,3.9708,plain
27,W,F,8,5.3317,plain
27,W,F,8,12.5776,plain
27,W,M,1,12.2,plain
27,W,M,1,0.4529,plain
27,W,M,1,0.5561,plain
27,W,M,1,1.0516,plain
27,W,M,1,1.4806,plain
27,W,M,1,2.1502,plain
27,W,M,1,2.1673,plain
27,W,M,1,2.5345,plain
27,W,M,1,3.1451,plain
27,W,M,1,0.0057,red
27,W,M,1,0.0274,red
27,W,M,1,0.1218,red
27,W,M,2,0.2179,plain
27,W,M,2,1.7105,plain
27,W,M,2,0.6711,plain
27,W,M,3,0.2,plain
27,W,M,3,0.152,plain
27,W,M,3,0.1548,plain
27,W,M,4,0.9558,plain
27,W,M,4,0.0172,plain
27,W,M,4,0.0697,plain
27,W,M,4,0.0851,plain
27,W,M,4,0.1369,plain
27,W,M,4,0.1384,plain
27,W,M,4,0.1675,plain
27,W,M,4,0.2342,plain
27,W,M,4,0.2663,plain
27,W,M,4,0.2811,plain
27,W,M,4,0.3243,plain
27,W,M,4,0.3631,plain
27,W,M,4,0.4489,plain
27,W,M,4,0.6097,plain
27,W,M,4,0.6208,plain
27,W,M,4,6,plain
27,W,M,5,0.0575,red
27,W,M,6,0.0781,plain
27,W,M,6,4.8498,plain
27,W,M,6,0.007,red
27,W,M,7,0.0082,orange
27,W,M,7,0.117,plain
27,W,M,7,0.8448,plain
27,W,M,7,1.2334,plain
27,W,M,7,1.7071,plain
27,W,M,7,1.8509,plain
27,W,M,7,1.8767,plain
27,W,M,7,2.1013,plain
27,W,M,7,10.7,plain
27,W,M,7,0.3811,plain
27,W,M,7,0.4751,plain
27,W,M,7,1.2514,plain
27,W,M,7,1.323,plain
27,W,M,7,1.5737,plain
27,W,M,7,3.0524,plain
27,W,M,7,4.3276,plain
27,W,M,8,0.4247,plain
27,W,M,8,0.9001,plain
27,W,M,8,1.7888,plain
27,W,M,8,3.152,plain
27,W,M,8,4.8349,plain
27,W,M,8,8.9257,plain
27,W,M,8,10.9667,plain
27,W,U,1,0.2153,plain
27,W,U,1,0.0116,red
27,W,U,1,0.0137,red
27,W,U,2,0.0217,blue
27,W,U,3,0.0033,orange
27,W,U,3,0.0118,red
27,W,U,4,0.2265,plain
27,W,U,4,0.372,plain
27,W,U,4,0.2082,plain
27,W,U,4,0.3048,plain
27,W,U,5,0.002,blue
27,W,U,5,0.1191,plain
27,W,U,7,0.7239,plain
27,W,U,7,0.0042,red
27,W,U,7,0.0046,red
27,W,U,8,0.9882,plain
27,W,U,8,0.3445,plain
27,W,U,8,0.0576,plain
27,W,U,8,0.0133,red
29,E,F,1,0.0092,red
29,E,F,2,2.0287,yellow
29,E,F,4,0.4998,prism orange
29,E,F,5,0.0981,lime green
29,E,F,5,0.1027,lime green
29,E,F,5,0.3595,lime green
29,E,F,5,0.7766,lime green
29,E,F,5,0.8014,lime green
29,E,F,5,0.8167,lime green
29,E,F,5,0.0375,lime green
29,E,F,5,1.5983,plain
29,E,F,5,0.1469,yellow
29,E,F,5,0.1793,yellow
29,E,F,5,0.1816,yellow
29,E,F,5,0.29,yellow
29,E,F,5,1.4464,yellow
29,E,F,5,6.8138,yellow
29,E,F,6,0.094,lime green
29,E,F,6,0.1201,lime green
29,E,F,6,0.146,lime green
29,E,F,6,0.2264,lime green
29,E,F,6,0.0626,lime green
29,E,F,6,0.0954,lime green
29,E,F,6,0.1138,lime green
29,E,F,6,0.1696,lime green
29,E,F,6,0.2217,lime green
29,E,F,6,0.2314,lime green
29,E,F,6,0.0105,lime green
29,E,F,6,0.0687,lime green
29,E,F,6,0.0841,lime green
29,E,F,6,0.0928,lime green
29,E,F,6,0.1391,lime green
29,E,F,6,0.2156,plain
29,E,F,6,0.0247,prism orange
29,E,F,6,2.2964,yellow
29,E,F,6,6.2022,yellow
29,E,F,6,2.7703,yellow
29,E,F,6,3.158,yellow
29,E,F,6,0.2764,yellow
29,E,F,6,0.3127,yellow
29,E,F,6,0.3542,yellow
29,E,F,6,0.4592,yellow
29,E,F,6,0.8063,yellow
29,E,F,6,1.4593,yellow
29,E,F,7,0.2788,lime green
29,E,F,7,0.3146,plain
29,E,F,7,0.0249,plain
29,E,F,7,0.0442,plain
29,E,F,7,0.0956,plain
29,E,F,7,0.0998,plain
29,E,F,7,0.0065,prism orange
29,E,F,7,0.6929,yellow
29,E,F,7,2.2472,yellow
29,E,F,7,0.1348,yellow
29,E,F,7,0.3229,yellow
29,E,F,7,0.4721,yellow
29,E,F,7,0.4944,yellow
29,E,F,7,0.5105,yellow
29,E,F,7,0.6929,yellow
29,E,F,8,0.0569,lime green
29,E,F,8,0.0684,lime green
29,E,F,8,0.0684,lime green
29,E,F,8,0.0974,lime green
29,E,F,8,0.1128,lime green
29,E,F,8,0.1341,lime green
29,E,F,8,0.1406,lime green
29,E,F,8,0.1512,lime green
29,E,F,8,0.1925,lime green
29,E,F,8,0.0338,plain
29,E,F,8,0.0343,plain
29,E,F,8,0.0366,plain
29,E,F,8,0.0431,plain
29,E,F,8,0.0943,plain
29,E,F,8,0.0029,red
29,E,F,8,0.0054,red
29,E,F,8,0.0092,red
29,E,F,8,0.0115,red
29,E,F,8,0.0164,red
29,E,F,8,0.0269,red
29,E,F,8,0.0349,red
29,E,F,8,0.1831,yellow
29,E,F,8,0.1982,yellow
29,E,F,8,0.2285,yellow
29,E,F,8,0.2552,yellow
29,E,F,8,0.5833,yellow
29,E,F,8,0.7273,yellow
29,E,F,8,0.0233,yellow
29,E,F,8,0.0625,yellow
29,E,F,8,0.0657,yellow
29,E,F,8,0.095,yellow
29,E,F,8,0.1114,yellow
29,E,F,8,0.1158,yellow
29,E,F,8,0.116,yellow
29,E,F,8,0.1223,yellow
29,E,F,8,0.1353,yellow
29,E,F,8,0.1552,yellow
29,E,F,8,0.1712,yellow
29,E,F,8,0.1739,yellow
29,E,F,8,0.2086,yellow
29,E,F,8,0.2087,yellow
29,E,F,8,0.2165,yellow
29,E,F,8,0.2306,yellow
29,E,F,8,0.2366,yellow
29,E,F,8,0.2588,yellow
29,E,F,8,0.2667,yellow
29,E,F,8,0.3333,yellow
29,E,F,8,0.3506,yellow
29,E,F,8,0.4388,yellow
29,E,F,8,0.5124,yellow
29,E,F,8,0.6074,yellow
29,E,F,8,0.6963,yellow
29,E,M,5,0.0435,lime green
29,E,M,5,0.0861,lime green
29,E,M,5,1.044,lime green
29,E,M,5,0.0999,lime green
29,E,M,5,0.1611,lime green
29,E,M,5,0.1657,lime green
29,E,M,5,1.8076,plain
29,E,M,5,1.1707,plain
29,E,M,5,0.0092,plain
29,E,M,5,0.0265,plain
29,E,M,5,0.1331,plain
29,E,M,5,0.563,yellow
29,E,M,6,0.0323,lime green
29,E,M,6,0.3303,plain
29,E,M,6,0.1281,yellow
29,E,M,6,0.1569,yellow
29,E,M,6,4.2068,yellow
29,E,M,6,0.4016,yellow
29,E,M,6,0.5168,yellow
29,E,M,7,0.3393,lime green
29,E,M,7,0.1269,plain
29,E,M,7,0.2012,plain
29,E,M,7,0.3715,plain
29,E,M,7,0.4874,plain
29,E,M,7,0.507,plain
29,E,M,7,0.0169,plain
29,E,M,7,0.0623,plain
29,E,M,7,0.0744,yellow
29,E,M,7,0.0848,yellow
29,E,M,7,0.1538,yellow
29,E,M,7,0.3433,yellow
29,E,M,7,0.3582,yellow
29,E,M,7,0.0446,yellow
29,E,M,7,0.2612,yellow
29,E,M,7,0.2906,yellow
29,E,M,8,0.0376,lime green
29,E,M,8,0.0813,lime green
29,E,M,8,0.0353,plastic yellow
29,E,M,8,0.016,prism orange
29,E,M,8,0.0198,prism orange
29,E,M,8,0.0329,prism orange
29,E,M,8,0.0422,prism orange
29,E,M,8,0.0617,yellow
29,E,M,8,0.0927,yellow
29,E,M,8,0.0977,yellow
29,E,M,8,0.1356,yellow
29,E,M,8,0.1412,yellow
29,E,M,8,0.1554,yellow
29,E,M,8,0.1563,yellow
29,E,M,8,1.1498,yellow
29,E,M,8,0.0499,yellow
29,E,M,8,0.0513,yellow
29,E,M,8,0.0539,yellow
29,E,M,8,0.0775,yellow
29,E,M,8,0.1212,yellow
29,E,M,8,0.1464,yellow
29,E,M,8,0.2003,yellow
29,E,M,8,0.214,yellow
29,E,M,8,0.0582,yellow
29,E,M,8,0.0805,yellow
29,E,M,8,0.1417,yellow
29,E,M,8,0.2752,yellow
29,E,M,8,0.3692,yellow
29,E,M,8,0.6615,yellow
29,E,M,8,0.1271,yellow
29,E,M,8,0.1503,yellow
29,E,M,8,0.1523,yellow
29,E,M,8,0.1772,yellow
29,E,M,8,0.2498,yellow
29,E,M,8,0.2541,yellow
29,E,M,8,0.971,yellow
29,E,M,8,0.101,yellow
29,W,F,1,2.9694,orange
29,W,F,1,0.2135,prism orange
29,W,F,1,0.2454,prism orange
29,W,F,1,0.3086,prism orange
29,W,F,1,0.5111,prism orange
29,W,F,1,0.5458,prism orange
29,W,F,1,0.5497,prism orange
29,W,F,1,0.7163,prism orange
29,W,F,1,1.805,prism orange
29,W,F,1,0.0138,prism orange
29,W,F,2,0.143,orange
29,W,F,4,0.0114,plain
29,W,F,4,0.0139,plain
29,W,F,4,0.5598,red
29,W,F,4,0.1295,yellow
29,W,F,4,0.0339,yellow
29,W,F,4,0.0368,yellow
29,W,F,4,0.0437,yellow
29,W,F,4,0.0561,yellow
29,W,F,4,0.1201,yellow
29,W,F,4,0.1453,yellow
29,W,F,4,0.1495,yellow
29,W,F,4,0.0489,yellow
29,W,F,4,0.0917,yellow
29,W,F,5,0.0334,lime green
29,W,F,5,0.0408,lime green
29,W,F,5,0.0844,lime green
29,W,F,5,0.0198,lime green
29,W,F,5,0.031,lime green
29,W,F,5,0.0359,lime green
29,W,F,5,0.0589,lime green
29,W,F,5,0.0683,lime green
29,W,F,5,0.3008,orange
29,W,F,5,0.124,orange
29,W,F,5,0.1381,orange
29,W,F,5,0.1481,orange
29,W,F,5,0.1546,orange
29,W,F,5,0.1603,orange
29,W,F,5,0.178,orange
29,W,F,5,0.2062,orange
29,W,F,5,0.2422,orange
29,W,F,5,0.2912,orange
29,W,F,5,0.3186,orange
29,W,F,5,0.5344,orange
29,W,F,5,0.5806,orange
29,W,F,5,0.0309,plain
29,W,F,5,0.0378,plain
29,W,F,5,0.0433,plain
29,W,F,5,0.0492,plain
29,W,F,5,0.0603,plain
29,W,F,5,0.0799,plain
29,W,F,5,0.082,plain
29,W,F,5,0.0933,plain
29,W,F,5,0.1022,plain
29,W,F,5,0.1055,plain
29,W,F,5,0.1091,plain
29,W,F,5,0.0845,plain
29,W,F,5,0.0867,plain
29,W,F,5,0.1025,plain
29,W,F,5,0.1221,plain
29,W,F,5,0.1061,plastic green
29,W,F,5,0.0239,prism orange
29,W,F,5,0.002,red
29,W,F,5,0.0033,red
29,W,F,5,0.0088,red
29,W,F,5,0.009,red
29,W,F,5,0.0134,red
29,W,F,5,2.2158,yellow
29,W,F,5,2.255,yellow
29,W,F,5,0.4684,yellow
29,W,F,5,1.194,yellow
29,W,F,6,0.0072,bamboo red
29,W,F,6,0.0347,lime green
29,W,F,6,0.0591,lime green
29,W,F,6,0.3829,yellow
29,W,F,6,0.2096,yellow
29,W,F,6,0.2234,yellow
29,W,F,6,0.337,yellow
29,W,F,7,0.0175,lime green
29,W,F,7,0.0248,lime green
29,W,F,7,0.0378,lime green
29,W,F,7,0.0474,orange
29,W,F,7,0.0668,orange
29,W,F,7,0.0731,orange
29,W,F,7,0.0802,orange
29,W,F,7,0.1078,orange
29,W,F,7,0.1373,orange
29,W,F,7,0.1534,orange
29,W,F,7,0.2823,orange
29,W,F,7,0.3005,orange
29,W,F,7,0.0196,prism orange
29,W,F,7,0.0087,red
29,W,F,7,0.0135,red
29,W,F,8,0.0936,lime green
29,W,F,8,0.1075,lime green
29,W,F,8,0.1356,orange
29,W,F,8,0.1841,orange
29,W,F,8,0.2328,orange
29,W,F,8,0.3228,orange
29,W,F,8,0.3946,orange
29,W,F,8,0.2747,plain
29,W,F,8,0.0111,red
29,W,F,8,0.0176,red
29,W,F,8,0.0201,red
29,W,F,8,2.9907,
29,W,M,1,0.0208,lime green
29,W,M,1,2.6439,orange
29,W,M,1,0.075,prism orange
29,W,M,1,0.0808,prism orange
29,W,M,1,0.1143,prism orange
29,W,M,1,0.2531,prism orange
29,W,M,1,0.3365,prism orange
29,W,M,1,0.199,prism orange
29,W,M,2,0.2009,orange
29,W,M,3,0.4554,orange
29,W,M,4,0.0254,lime green
29,W,M,4,0.0441,yellow
29,W,M,4,0.0674,yellow
29,W,M,4,0.1017,yellow
29,W,M,4,0.1355,yellow
29,W,M,4,0.2071,yellow
29,W,M,4,0.2353,yellow
29,W,M,5,0.0053,bamboo red
29,W,M,5,0.022,lime green
29,W,M,5,0.0231,lime green
29,W,M,5,0.0408,lime green
29,W,M,5,0.0857,orange
29,W,M,5,0.0941,orange
29,W,M,5,0.1352,orange
29,W,M,5,0.1569,orange
29,W,M,5,0.1816,orange
29,W,M,5,0.3126,orange
29,W,M,5,0.3225,orange
29,W,M,5,0.3003,orange
29,W,M,5,0.5014,orange
29,W,M,5,0.0189,plain
29,W,M,5,0.0318,plain
29,W,M,5,0.0326,plain
29,W,M,5,0.0418,plain
29,W,M,5,0.0595,plain
29,W,M,6,0.0261,prism orange
29,W,M,6,0.0098,yellow
29,W,M,6,2.0477,yellow
29,W,M,6,0.1234,yellow
29,W,M,7,0.1247,orange
29,W,M,7,0.156,orange
29,W,M,7,0.0483,plain
29,W,M,7,0.0585,plain
29,W,M,7,0.0702,plain
29,W,M,7,0.0093,red
29,W,M,8,0.0102,bamboo red
29,W,M,8,0.0221,orange
29,W,M,8,0.0646,orange
29,W,M,8,0.1192,orange
29,W,M,8,0.4654,orange
29,W,M,8,0.0473,yellow
29,W,M,8,0.0719,yellow
29,W,U,1,0.4894,prism orange
31,E,F,1,0.4417,teal
31,E,F,3,0.0018,lime green
31,E,F,4,0.014,orange
31,E,M,1,0.0103,orange
31,E,M,1,0.0106,orange
31,E,M,4,0.0086,orange
31,E,U,4,0.0065,orange
31,E,U,5,0.0026,red
31,W,F,2,0.0142,orange
31,W,F,2,2.1885,plain
31,W,F,3,0.0211,lime green
31,W,M,2,0.0078,orange
31,W,M,2,0.0733,orange
31,W,M,2,0.1025,orange
31,W,U,2,0.0038,orange
31,W,U,2,0.0055,orange
31,W,U,2,0.0077,orange
31,W,U,2,0.0154,orange
31,W,U,2,0.0036,red
32,E,F,1,0.0101,blue
32,E,F,1,0.0771,lime green
32,E,F,1,5.6654,teal
32,E,F,2,0.0173,lime green
32,E,F,2,0.0208,plain
32,E,F,2,4.7468,teal
32,E,F,3,0.1836,lime green
32,E,F,3,1.824,teal
32,E,F,4,0.0423,lime green
32,E,F,4,0.7075,plain
32,E,F,4,0.0221,plain
32,E,F,4,0.0504,plain
32,E,F,4,0.2873,teal
32,E,F,4,0.4939,teal
32,E,F,4,0.9069,teal
32,E,F,4,2.3976,teal
32,E,F,4,3.7418,teal
32,E,F,4,0.094,teal
32,E,F,5,0.0421,lime green
32,E,F,5,0.0515,lime green
32,E,F,5,0.071,lime green
32,E,F,5,0.167,plain
32,E,F,5,0.1916,plain
32,E,F,5,0.1948,plain
32,E,F,5,0.2606,plain
32,E,F,5,0.2788,plain
32,E,F,5,0.2148,white
32,E,F,5,0.4366,white
32,E,F,5,0.7467,white
32,E,F,5,0.0953,white
32,E,F,5,0.2244,white
32,E,F,6,0.0045,bamboo green
32,E,F,6,0.007,bamboo green
32,E,F,6,0.2133,bamboo red
32,E,F,6,1.1746,green
32,E,F,6,0.0941,green
32,E,F,6,0.1759,green
32,E,F,6,0.4658,green
32,E,F,6,0.6484,green
32,E,F,6,0.4428,lime green
32,E,F,6,0.0202,lime green
32,E,F,6,0.0459,lime green
32,E,F,6,0.073,lime green
32,E,F,6,0.0976,lime green
32,E,F,6,0.0977,lime green
32,E,F,6,0.1492,lime green
32,E,F,6,0.1541,lime green
32,E,F,6,0.1771,lime green
32,E,F,6,0.2408,lime green
32,E,F,6,0.0431,plain
32,E,F,6,0.0721,plain
32,E,F,6,0.0762,plain
32,E,F,6,0.1773,plain
32,E,F,6,0.1851,plain
32,E,F,7,0.0141,bamboo red
32,E,F,7,0.015,bamboo red
32,E,F,7,0.0312,bamboo red
32,E,F,7,0.0396,bamboo red
32,E,F,7,0.1541,lime green
32,E,F,7,0.2353,lime green
32,E,F,7,0.253,lime green
32,E,F,7,0.304,lime green
32,E,F,7,0.361,lime green
32,E,F,7,0.4202,lime green
32,E,F,7,0.5179,lime green
32,E,F,7,0.5703,lime green
32,E,F,7,0.6065,lime green
32,E,F,7,0.6176,lime green
32,E,F,7,0.6244,lime green
32,E,F,7,1.0143,lime green
32,E,F,7,0.026,lime green
32,E,F,7,0.062,lime green
32,E,F,7,0.0953,lime green
32,E,F,7,0.1305,lime green
32,E,F,7,0.9146,plain
32,E,F,7,0.1441,plain
32,E,F,7,0.25,plain
32,E,F,7,0.2697,plain
32,E,F,7,0.1516,teal
32,E,F,7,0.163,teal
32,E,F,7,0.1718,teal
32,E,F,7,0.2223,teal
32,E,F,7,0.3093,teal
32,E,F,7,0.3714,teal
32,E,F,7,0.4136,teal
32,E,F,7,0.4564,teal
32,E,F,7,0.5537,teal
32,E,F,7,0.582,teal
32,E,F,8,0.0105,lime green
32,E,F,8,0.0151,lime green
32,E,F,8,0.0201,lime green
32,E,F,8,0.0121,lime green
32,E,F,8,0.0292,lime green
32,E,F,8,0.0971,lime green
32,E,F,8,0.0182,lime green
32,E,F,8,0.0191,lime green
32,E,F,8,0.0062,plain
32,E,F,8,0.0086,plain
32,E,F,8,0.0088,plain
32,E,F,8,0.0113,plain
32,E,F,8,0.0119,plain
32,E,F,8,0.0125,plain
32,E,F,8,0.0166,plain
32,E,F,8,0.0208,plain
32,E,F,8,0.0221,plain
32,E,F,8,0.0269,plain
32,E,F,8,0.0455,plain
32,E,F,8,0.0242,plain
32,E,F,8,0.0277,plain
32,E,F,8,0.0555,plain
32,E,F,8,0.0593,plain
32,E,F,8,0.0835,plain
32,E,F,8,0.0896,plain
32,E,F,8,0.124,plain
32,E,F,8,0.0155,plain
32,E,F,8,0.0631,plain
32,E,F,8,0.3725,teal
32,E,F,8,0.52,teal
32,E,F,8,0.5254,teal
32,E,F,8,0.0428,teal
32,E,F,8,0.1295,teal
32,E,F,8,0.1367,teal
32,E,M,1,0.1423,teal
32,E,M,1,4.9277,teal
32,E,M,1,0.0476,teal
32,E,M,2,0.0208,plain
32,E,M,3,0.066,lime green
32,E,M,3,0.0237,lime green
32,E,M,3,0.038,lime green
32,E,M,3,0.1809,plain
32,E,M,3,0.9813,plain
32,E,M,3,0.0453,teal
32,E,M,4,0.3169,plain
32,E,M,4,0.3371,plain
32,E,M,4,0.35,plain
32,E,M,4,0.0981,plain
32,E,M,4,0.1593,plain
32,E,M,4,0.9092,teal
32,E,M,4,1.2946,teal
32,E,M,4,0.0051,yellow
32,E,M,5,0.0204,lime green
32,E,M,5,0.177,plain
32,E,M,5,0.4746,plain
32,E,M,5,0.0788,plain
32,E,M,5,0.0777,white
32,E,M,5,0.0548,white
32,E,M,6,0.0178,green
32,E,M,6,0.0398,green
32,E,M,6,0.3424,green
32,E,M,6,0.0184,lime green
32,E,M,6,0.0199,lime green
32,E,M,6,0.0353,lime green
32,E,M,6,0.0324,lime green
32,E,M,6,0.0424,lime green
32,E,M,6,0.2012,lime green
32,E,M,6,0.1588,plain
32,E,M,7,0.148,lime green
32,E,M,7,0.2934,lime green
32,E,M,7,0.018,lime green
32,E,M,7,0.038,lime green
32,E,M,7,0.0482,lime green
32,E,M,7,0.0672,lime green
32,E,M,7,0.0707,lime green
32,E,M,7,0.0865,lime green
32,E,M,7,0.0867,lime green
32,E,M,7,0.1073,lime green
32,E,M,7,0.1528,lime green
32,E,M,7,0.0331,plain
32,E,M,7,0.0447,plain
32,E,M,7,0.0451,plain
32,E,M,7,0.0854,plain
32,E,M,7,0.1083,plain
32,E,M,7,0.2708,plain
32,E,M,7,0.2785,plain
32,E,M,7,0.0434,teal
32,E,M,7,0.0494,teal
32,E,M,7,0.0567,teal
32,E,M,7,0.0664,teal
32,E,M,7,0.1018,teal
32,E,M,7,0.1248,teal
32,E,M,7,0.21,teal
32,E,M,7,0.2297,teal
32,E,M,7,0.2847,teal
32,E,M,7,0.3038,teal
32,E,M,7,0.3212,teal
32,E,M,7,0.4795,teal
32,E,M,8,0.0093,bamboo red
32,E,M,8,0.0029,bamboo red
32,E,M,8,0.0094,lime green
32,E,M,8,0.0186,lime green
32,E,M,8,0.0415,lime green
32,E,M,8,0.0414,lime green
32,E,M,8,0.0783,lime green
32,E,M,8,0.0998,lime green
32,E,M,8,0.0084,plain
32,E,M,8,0.0109,plain
32,E,M,8,0.0661,plain
32,E,M,8,0.128,plain
32,E,M,8,0.1296,plain
32,E,M,8,0.2781,plain
32,E,M,8,0.0742,teal
32,E,M,8,0.157,teal
32,E,U,1,0.0035,lime green
32,E,U,2,0.059,plain
32,E,U,3,0.0442,plain
32,E,U,3,0.0766,plain
32,E,U,4,0.002,plain
32,E,U,4,0.0023,plain
32,E,U,4,0.0024,plain
32,E,U,4,0.0027,plain
32,E,U,4,0.0028,plain
32,E,U,4,0.003,plain
32,E,U,4,0.0049,plain
32,E,U,4,0.0184,plain
32,E,U,5,0.0042,lime green
32,E,U,6,0.0115,lime green
32,E,U,7,0.0144,lime green
32,E,U,8,0.0042,bamboo red
32,E,U,8,0.0049,bamboo red
32,E,U,8,0.0052,bamboo red
32,E,U,8,0.007,bamboo red
32,E,U,8,0.0136,bamboo red
32,E,U,8,0.0142,bamboo red
32,E,U,8,0.0174,bamboo red
32,E,U,8,0.025,bamboo red
32,E,U,8,0.0402,bamboo red
32,E,U,8,0.0615,bamboo red
32,E,U,8,0.0204,plain
32,E,U,8,0.0214,plain
32,E,U,8,0.0371,plain
32,W,F,3,0.3696,lime green
32,W,F,3,0.048,lime green
32,W,F,3,0.0185,plain
32,W,F,3,0.0198,plain
32,W,F,3,0.0414,plain
32,W,F,3,0.1219,plain
32,W,F,3,0.0568,white
32,W,F,3,0.0849,white
32,W,F,4,0.0185,lime green
32,W,F,4,0.1624,plain
32,W,F,4,0.8535,white
32,W,F,4,0.9327,white
32,W,F,4,2.1905,white
32,W,F,4,2.7645,white
32,W,F,5,0.4818,lime green
32,W,F,5,0.0092,lime green
32,W,F,5,0.0563,lime green
32,W,F,5,0.1567,white
32,W,F,7,0.0189,teal
32,W,F,7,0.025,teal
32,W,F,7,0.0278,teal
32,W,F,7,0.0744,teal
32,W,F,7,0.006,yellow
32,W,F,8,0.0256,lime green
32,W,F,8,0.0354,lime green
32,W,F,8,0.0443,lime green
32,W,F,8,0.0831,plain
32,W,F,8,0.1176,plain
32,W,F,8,0.1868,plain
32,W,F,8,0.0069,red
32,W,F,8,0.027,red
32,W,F,8,0.4114,teal
32,W,F,8,0.0016,teal
32,W,F,8,0.007,teal
32,W,F,8,0.0141,teal
32,W,F,8,0.0187,teal
32,W,F,8,0.0265,teal
32,W,F,8,0.0278,teal
32,W,F,8,0.0311,teal
32,W,F,8,0.0596,teal
32,W,F,8,0.0437,teal
32,W,F,8,0.1444,teal
32,W,F,8,0.2063,teal
32,W,F,8,0.0092,yellow
32,W,M,2,0.131,teal
32,W,M,2,0.017,teal
32,W,M,3,0.2117,lime green
32,W,M,3,0.0129,lime green
32,W,M,3,0.0084,lime green
32,W,M,3,0.0209,lime green
32,W,M,3,0.0247,lime green
32,W,M,3,0.0114,plain
32,W,M,4,0.0261,lime green
32,W,M,4,0.0302,lime green
32,W,M,5,0.0075,lime green
32,W,M,5,0.0147,lime green
32,W,M,5,0.0125,plain
32,W,M,6,0.0034,lime green
32,W,M,6,0.0013,white
32,W,M,6,0.0013,white
32,W,M,6,0.0019,white
32,W,M,6,0.0023,white
32,W,M,6,0.0028,white
32,W,M,7,0.0041,lime green
32,W,M,7,0.0087,lime green
32,W,M,7,0.0094,lime green
32,W,M,7,0.0045,teal
32,W,M,7,0.0411,teal
32,W,M,8,0.0158,lime green
32,W,M,8,0.0673,plain
32,W,M,8,0.094,plain
32,W,M,8,0.1321,plain
32,W,M,8,0.015,red
32,W,M,8,0.0162,teal
32,W,M,8,0.0256,teal
32,W,M,8,0.0339,teal
32,W,M,8,0.0389,teal
32,W,M,8,0.0619,teal
32,W,M,8,0.0694,teal
32,W,M,8,0.1905,teal
32,W,U,4,0.0503,white
32,W,U,4,0.1794,white
32,W,U,6,0.0021,yellow
32,W,U,6,0.0059,yellow
32,W,U,7,0.0009,bamboo red
32,W,U,7,0.0022,bamboo red
32,W,U,7,0.0024,bamboo red
32,W,U,7,0.003,bamboo red
32,W,U,7,0.004,red
32,W,U,7,0.0043,red
32,W,U,7,0.0051,red
32,W,U,7,0.0055,red
32,W,U,7,0.0037,teal
32,W,U,7,0.0112,teal
32,W,U,7,0.0603,teal
32,W,U,8,0.0034,bamboo green
32,W,U,8,0.027,lime green
32,W,U,8,0.0044,red
32,W,U,8,0.0075,red
32,W,U,8,0.0034,teal
32,W,U,8,0.0043,teal
32,W,U,8,0.0055,teal
32,W,U,8,0.0058,teal
32,W,U,8,0.008,teal
32,W,U,8,0.0094,teal
32,W,U,8,0.0252,teal
33,E,.,8,0.0101,orange
33,E,F,1,0.0197,blue
33,E,F,1,0.0498,red
33,E,F,8,0.0885,orange
33,E,M,1,0.0032,blue
33,E,M,1,0.0099,orange
33,E,M,1,0.0231,orange
33,E,M,2,0.0095,plain
33,E,M,2,0.167,plain
33,E,M,2,0.359,plain
33,E,M,2,0.2842,plain
33,E,M,3,0.0177,plain
33,E,M,5,0.0058,orange
33,E,M,6,0.0623,blue
33,E,M,6,0.0026,orange
33,E,M,6,0.1332,orange
33,E,M,7,0.0064,orange
33,E,M,7,0.0091,orange
33,E,M,7,0.0116,orange
33,E,M,7,0.0117,orange
33,E,M,7,0.0789,plain
33,E,M,7,0.0022,red
33,E,M,7,0.0029,red
33,E,M,8,0.0027,red
33,E,M,8,0.0053,red
33,E,M,8,0.0063,red
33,E,M,8,0.0099,red
33,E,U,1,0.0032,blue
33,E,U,1,0.0032,blue
33,E,U,1,0.0037,blue
33,E,U,1,0.0041,blue
33,E,U,1,0.0102,blue
33,E,U,1,0.0117,blue
33,E,U,1,0.0017,lime green
33,E,U,1,0.0139,orange
33,E,U,1,0.0142,orange
33,E,U,1,0.0153,orange
33,E,U,1,0.0247,orange
33,E,U,1,0.0542,orange
33,E,U,1,0.004,orange
33,E,U,1,0.0042,orange
33,E,U,1,0.0114,orange
33,E,U,1,0.0126,orange
33,E,U,1,0.0289,plain
33,E,U,2,0.0036,lime green
33,E,U,2,0.0152,lime green
33,E,U,2,0.04,lime green
33,E,U,2,0.004,orange
33,E,U,2,0.0103,orange
33,E,U,2,0.0135,orange
33,E,U,2,0.0378,orange
33,E,U,2,0.0483,plain
33,E,U,2,0.0017,red
33,E,U,2,0.0039,red
33,E,U,2,0.0026,red
33,E,U,3,0.0015,green
33,E,U,3,0.0357,plain
33,E,U,4,0.0095,orange
33,E,U,4,0.0219,orange
33,E,U,4,0.0028,red
33,E,U,5,0.0048,orange
33,E,U,5,0.0072,orange
33,E,U,6,0.0065,orange
33,E,U,7,0.0022,blue
33,E,U,7,0.0027,blue
33,E,U,7,0.0024,lime green
33,E,U,7,0.0018,orange
33,E,U,7,0.0023,orange
33,E,U,7,0.0039,orange
33,E,U,7,0.004,orange
33,E,U,7,0.0059,orange
33,E,U,7,0.0011,red
33,E,U,7,0.0014,red
33,E,U,7,0.0022,red
33,E,U,7,0.0024,red
33,E,U,7,0.0026,red
33,E,U,7,0.0032,red
33,E,U,7,0.0036,red
33,E,U,7,0.0036,red
33,E,U,7,0.0174,red
33,E,U,8,0.008,lime green
33,E,U,8,0.0101,orange
33,E,U,8,0.0101,orange
33,E,U,8,0.0052,orange
33,E,U,8,0.0083,orange
33,E,U,8,0.026,orange
33,E,U,8,0.0285,orange
33,E,U,8,0.02,orange
33,E,U,8,0.0018,red
33,E,U,8,0.0026,red
33,E,U,8,0.0048,red
33,E,U,8,0.0048,red
33,E,U,8,0.0055,red
33,E,U,8,0.0058,red
33,E,U,8,0.0204,red
33,E,U,8,0.0221,red
33,W,F,1,0.0056,lime green
33,W,F,1,0.1259,lime green
33,W,F,1,0.0254,plastic teal
33,W,F,1,0.0364,plastic teal
33,W,F,1,0.0884,plastic teal
33,W,F,1,0.1179,plastic teal
33,W,F,1,0.2611,plastic teal
33,W,F,1,0.168,plastic teal
33,W,F,1,0.0332,teal
33,W,F,1,0.092,teal
33,W,F,2,0.0254,plain
33,W,F,2,0.0627,plain
33,W,F,2,0.0356,plain
33,W,F,2,0.0532,plain
33,W,F,3,0.0912,plain
33,W,M,1,0.0124,orange
33,W,M,1,0.0141,plain
33,W,M,2,0.0341,orange
33,W,M,2,0.0913,orange
33,W,M,2,0.313,orange
33,W,M,2,0.0361,orange
33,W,M,2,0.1051,plain
33,W,M,2,0.0084,red
33,W,M,2,0.0075,red
33,W,U,2,0.0023,orange
33,W,U,2,0.0039,orange
33,W,U,2,0.0055,orange
33,W,U,2,0.0069,orange
33,W,U,2,0.0124,orange
33,W,U,2,0.0033,orange
33,W,U,2,0.0121,red
33,W,U,3,0.001,green
33,W,U,3,0.0033,lime green
33,W,U,3,0.0036,red
33,W,U,6,0.0247,plain
33,W,U,7,0.0022,lime green
33,W,U,8,0.0017,red
33,W,U,8,0.0034,red
34,E,M,8,3.6123,prism purple
35,E,F,1,1.6638,plain
35,E,F,1,1.0825,plain
35,E,F,4,0.8368,plain
35,E,F,5,0.0903,blue
35,E,F,5,0.2761,plain
35,E,F,6,0.8624,plain
35,E,M,1,0.1695,plain
35,E,M,1,0.5118,plain
35,E,M,5,3.1238,plain
35,E,M,5,0.2898,plain
35,E,M,6,0.0026,"blue, purple"
35,E,M,6,0.0027,"blue, purple"
35,E,U,1,0.0022,lime green
35,E,U,2,0.0031,blue
35,E,U,2,0.0272,blue
35,E,U,2,0.18,blue
35,E,U,2,0.0007,lime green
35,E,U,2,0.0008,lime green
35,E,U,2,0.0376,plain
35,E,U,2,0.0819,plain
35,E,U,2,0.0031,prism purple
35,E,U,2,0.0011,red
35,E,U,2,0.0013,red
35,E,U,2,0.0019,red
35,E,U,2,0.0051,red
35,E,U,3,0.0032,blue
35,E,U,3,0.0034,blue
35,E,U,3,0.01,blue
35,E,U,3,0.001,lime green
35,E,U,3,0.001,red
35,E,U,3,0.0013,red
35,E,U,3,0.0015,red
35,E,U,3,0.0016,red
35,E,U,4,0.0201,blue
35,E,U,4,0.0069,red
35,E,U,5,0.0013,blue
35,E,U,5,0.0022,blue
35,E,U,5,0.0032,blue
35,E,U,5,0.004,blue
35,E,U,5,0.0071,blue
35,E,U,5,0.0072,blue
35,E,U,5,0.0016,lime green
35,E,U,5,0.0058,red
35,E,U,6,0.001,"blue, purple"
35,E,U,6,0.0017,"blue, purple"
35,E,U,6,0.0018,"blue, purple"
35,E,U,6,0.0053,"blue, purple"
35,E,U,6,0.0056,"blue, purple"
35,E,U,6,0.0018,"blue, purple"
35,E,U,6,0.0019,"blue, purple"
35,E,U,6,0.002,"blue, purple"
35,E,U,6,0.0027,"blue, purple"
35,E,U,6,0.0066,"blue, purple"
35,E,U,6,0.0084,"blue, purple"
35,E,U,6,0.0118,"blue, purple"
35,E,U,6,0.0156,"blue, purple"
35,E,U,6,0.001,red
35,E,U,6,0.002,red
35,E,U,7,0.0069,purple
35,E,U,7,0.0073,red
35,E,U,8,0.0037,purple
35,E,U,8,0.0073,purple
35,E,U,8,0.0019,red
35,E,U,8,0.0023,red
35,E,U,8,0.0023,red
35,W,F,5,0.1352,plain
35,W,F,6,0.9063,plain
35,W,F,6,0.0481,purple
35,W,F,6,0.0551,purple
35,W,F,6,0.6275,purple
35,W,F,8,0.0748,purple
35,W,M,1,0.0065,orange
35,W,M,5,0.0458,purple
35,W,M,5,0.0048,red
35,W,M,6,0.1532,plain
35,W,M,6,0.0492,plain
35,W,M,7,0.0425,purple
35,W,M,8,0.0374,purple
35,W,U,1,0.0031,lime green
35,W,U,2,0.0018,orange
35,W,U,2,0.0022,orange
35,W,U,2,0.0026,orange
35,W,U,3,0.0055,purple
35,W,U,3,0.0015,red
35,W,U,5,0.0017,red
35,W,U,6,0.2668,plain
35,W,U,6,0.166,plain
35,W,U,6,0.0034,red
35,W,U,7,0.0012,purple
35,W,U,7,0.0047,purple
35,W,U,7,0.0161,purple
35,W,U,7,0.019,purple
35,W,U,7,0.0264,purple
35,W,U,7,0.0035,red
35,W,U,8,0.0046,purple
35,W,U,8,0.0058,purple
35,W,U,8,0.0067,purple
35,W,U,8,0.0083,purple
38,E,F,1,0.3607,plain
38,E,F,2,0.1119,plain
38,E,F,2,0.1211,plain
38,E,F,2,0.1326,plain
38,E,F,2,0.266,plain
38,E,F,2,0.5908,plain
38,E,F,5,2.1971,plain
38,E,F,5,0.7698,plain
38,E,F,5,0.2677,plain
38,E,F,7,0.1542,plain
38,E,F,7,0.156,plain
38,E,F,7,0.2286,plain
38,E,F,7,0.3202,plain
38,E,F,7,0.4677,plain
38,E,F,8,0.8302,plain
38,E,F,8,1.4053,plain
38,E,F,8,1.5115,plain
38,E,F,8,0.0722,plain
38,E,F,8,0.1812,plain
38,E,F,8,0.3427,plain
38,E,F,8,2.7543,plain
38,E,F,8,0.045,purple
38,E,F,8,0.0126,red
38,E,F,8,0.1045,red
38,E,M,1,0.0328,blue
38,E,M,2,0.0643,plain
38,E,M,2,0.0672,plain
38,E,M,2,0.0831,plain
38,E,M,7,0.0726,plain
38,E,M,8,0.0308,red
38,W,F,1,0.2976,plain
38,W,F,1,0.5268,plain
38,W,F,1,0.2455,plain
38,W,F,1,0.3635,plain
38,W,F,1,0.4716,plain
38,W,F,1,0.0223,purple
38,W,F,1,0.074,purple
38,W,F,1,0.1114,purple
38,W,F,1,0.129,purple
38,W,F,1,0.1829,purple
38,W,F,1,0.07,yellow
38,W,F,2,0.083,blue
38,W,F,2,0.1154,plain
38,W,F,2,0.1609,plain
38,W,F,2,0.5536,plain
38,W,F,3,0.3378,plain
38,W,F,3,0.3703,plain
38,W,F,3,0.2937,plain
38,W,F,3,2.221,plain
38,W,F,4,0.1107,plain
38,W,F,4,0.1744,plain
38,W,F,4,0.3063,plain
38,W,F,5,0.0114,plain
38,W,F,5,0.012,plain
38,W,F,5,0.0272,plain
38,W,F,7,0.5812,plain
38,W,F,7,0.2915,plain
38,W,F,7,0.9789,plain
38,W,F,7,0.1923,plain
38,W,F,7,1.8938,plain
38,W,F,8,0.2215,plain
38,W,F,8,0.3574,plain
38,W,M,1,0.0196,purple
38,W,M,1,0.0642,purple
38,W,M,2,0.1697,plain
38,W,M,2,0.2658,plain
38,W,M,2,0.0432,purple
38,W,M,3,0.1072,plain
38,W,M,3,0.1284,plain
38,W,M,3,0.1953,plain
38,W,M,3,0.1939,plain
38,W,M,3,0.2294,plain
38,W,M,3,0.7954,plain
38,W,M,3,0.1313,plain
38,W,M,3,0.1343,plain
38,W,M,3,0.2174,purple
38,W,M,3,0.2548,red
38,W,M,3,0.1845,red
38,W,M,4,0.023,plain
38,W,M,4,0.535,plain
38,W,M,6,0.2645,plain
38,W,M,6,0.3419,plain
38,W,M,7,0.7618,plain
38,W,M,7,0.621,plain
38,W,M,8,0.0817,blue
38,W,M,8,0.1684,plain
38,W,M,8,0.3136,plain
38,W,M,8,0.157,purple
39,E,F,1,0.1366,plain
39,E,F,6,0.0126,blue
39,E,F,6,0.0152,blue
39,E,F,6,0.0166,blue
39,E,F,6,0.0285,blue
39,E,F,6,0.0377,blue
39,E,F,6,0.0382,blue
39,E,F,6,0.05,blue
39,E,F,6,0.2162,blue
39,E,F,6,0.0563,plain
39,E,F,6,0.188,plain
39,E,F,6,0.0846,plastic blue
39,E,F,6,0.0071,red
39,E,F,6,0.0127,red
39,E,F,7,0.9106,plastic blue
39,E,F,7,0.1479,plastic blue
39,E,F,8,0.6046,plastic blue
39,E,M,6,0.0104,blue
39,E,M,6,0.0108,blue
39,E,M,6,0.0126,blue
39,E,M,6,0.0138,blue
39,E,M,6,0.014,blue
39,E,M,6,0.0146,blue
39,E,M,6,0.0148,blue
39,E,M,6,0.0249,blue
39,E,M,6,0.033,blue
39,E,M,7,1.3833,plastic blue
39,E,M,7,0.0491,plastic blue
39,W,F,1,0.0237,plain
39,W,F,1,0.0057,plain
39,W,F,1,0.005,red
39,W,F,2,0.6293,plastic blue
39,W,F,2,0.0423,plastic blue
39,W,F,2,0.003,red
39,W,F,3,0.013,orange
39,W,F,3,0.02,orange
39,W,F,3,0.0211,orange
39,W,F,3,0.0248,orange
39,W,F,3,0.032,orange
39,W,F,3,0.058,orange
39,W,F,3,0.007,orange
39,W,F,3,0.0137,orange
39,W,F,3,0.0177,orange
39,W,F,3,0.0189,orange
39,W,F,3,0.0209,orange
39,W,F,3,0.0225,orange
39,W,F,3,0.032,orange
39,W,F,3,0.036,orange
39,W,F,3,0.0072,orange
39,W,F,3,0.0188,orange
39,W,F,3,0.0447,orange
39,W,F,3,0.0891,orange
39,W,F,3,0.0361,orange
39,W,F,4,0.0827,plain
39,W,M,1,0.027,plain
39,W,M,1,0.0218,plain
39,W,M,2,0.022,blue
39,W,M,2,0.0117,orange
39,W,M,2,0.2705,plastic blue
39,W,M,3,0.0052,orange
39,W,M,3,0.0065,orange
39,W,M,3,0.0066,orange
39,W,M,3,0.0189,orange
39,W,M,3,0.0275,plain
39,W,U,3,0.0277,plain
41,E,F,1,0.0431,blue
41,E,F,1,0.6153,plain
41,E,F,1,0.8945,plain
41,E,F,2,0.0554,plain
41,E,F,2,0.0896,plain
41,E,F,2,0.1717,plain
41,E,F,2,0.3235,plain
41,E,F,2,0.1305,plain
41,E,F,2,0.2118,plain
41,E,F,2,0.418,plain
41,E,F,2,0.0146,purple
41,E,F,3,0.0869,plain
41,E,F,4,0.1607,plain
41,E,F,4,0.2826,plain
41,E,F,6,0.0262,purple
41,E,F,7,0.0517,purple
41,E,F,7,0.0597,purple
41,E,F,7,0.0117,red
41,E,F,7,0.0122,red
41,E,F,8,0.6191,plain
41,E,M,1,0.0129,plain
41,E,M,1,0.4075,plain
41,E,M,1,0.0098,purple
41,E,M,2,0.2315,plain
41,E,M,2,0.4214,plain
41,E,M,3,0.1342,plain
41,E,M,3,0.1303,purple
41,E,M,5,0.0228,purple
41,E,M,5,0.0425,purple
41,E,M,6,0.0129,orange
41,E,M,7,0.0387,purple
41,E,M,8,0.0707,orange
41,W,F,4,0.013,plain
41,W,F,4,0.0346,plain
41,W,F,4,0.0417,plain
41,W,F,4,0.0571,plain
41,W,F,4,0.0594,plain
41,W,F,4,0.2441,plain
41,W,F,5,0.0411,blue
41,W,F,5,0.0431,blue
41,W,F,5,0.0447,blue
41,W,F,5,0.0892,blue
41,W,F,5,0.1215,blue
41,W,F,5,0.2908,blue
41,W,F,5,0.0977,blue
41,W,F,5,0.03,blue
41,W,F,5,0.1696,blue
41,W,F,5,0.5374,blue
41,W,F,5,0.0139,orange
41,W,F,5,0.0415,plain
41,W,F,6,0.0313,blue
41,W,F,6,0.0349,blue
41,W,F,6,0.0714,blue
41,W,F,6,0.0735,blue
41,W,F,6,0.0409,blue
41,W,F,6,0.2125,blue
41,W,F,6,0.1482,red
41,W,F,8,0.0152,red
41,W,M,2,0.0175,plain
41,W,M,5,0.0529,blue
41,W,M,5,0.0657,blue
41,W,M,6,0.0163,blue
41,W,M,6,0.0659,blue
42,E,M,7,0.0225,orange
42,E,M,7,0.0042,red
42,E,M,7,0.0095,red
42,E,M,8,0.0018,orange
42,E,U,1,0.0181,orange
42,E,U,2,0.0054,orange
42,E,U,3,0.0039,lime green
42,E,U,3,0.0024,orange
42,E,U,3,0.0027,orange
42,E,U,3,0.0038,orange
42,E,U,3,0.0055,orange
42,E,U,3,0.0024,red
42,E,U,3,0.0026,red
42,E,U,3,0.0038,red
42,E,U,3,0.0056,red
42,E,U,3,0.0128,red
42,E,U,4,0.0026,orange
42,E,U,5,0.0259,orange
42,E,U,5,0.0061,red
42,E,U,6,0.0045,orange
42,E,U,6,0.007,orange
42,E,U,6,0.007,orange
42,E,U,6,0.007,orange
42,E,U,6,0.0208,orange
42,E,U,7,0.0022,orange
42,E,U,7,0.0031,orange
42,E,U,7,0.0186,orange
42,E,U,7,0.003,red
42,E,U,7,0.0106,red
42,E,U,8,0.0057,lime green
42,E,U,8,0.0012,orange
42,E,U,8,0.002,orange
42,E,U,8,0.0043,orange
42,E,U,8,0.0099,orange
42,W,F,2,0.0251,orange
42,W,F,2,0.0019,red
42,W,F,2,0.0041,red
42,W,F,3,0.0424,plain
42,W,F,3,0.204,plain
42,W,F,4,0.0097,orange
42,W,F,4,0.509,plain
42,W,F,5,0.0014,red
42,W,F,5,0.0031,red
42,W,F,7,0.4779,plain
42,W,F,8,1.5993,plain
42,W,F,8,0.2218,plain
42,W,M,1,0.0041,orange
42,W,M,2,0.055,plain
42,W,M,2,0.2353,plain
42,W,M,2,0.0039,red
42,W,M,3,0.5051,plain
42,W,M,5,0.6263,plain
42,W,M,5,0.0014,red
42,W,M,7,0.0023,blue
42,W,M,7,0.0416,orange
42,W,M,7,0.5067,orange
42,W,M,7,0.015,plain
42,W,M,7,0.0366,plain
42,W,M,8,0.0231,plain
42,W,M,8,0.0293,plain
42,W,U,1,0.0006,orange
42,W,U,1,0.001,orange
42,W,U,1,0.0032,red
42,W,U,1,0.0085,red
42,W,U,2,0.0019,green
42,W,U,2,0.0048,orange
42,W,U,2,0.3353,plain
42,W,U,3,0.0036,blue
42,W,U,3,0.0028,lime green
42,W,U,3,0.0018,orange
42,W,U,3,0.0032,orange
42,W,U,3,0.0035,orange
42,W,U,3,0.0037,orange
42,W,U,3,0.0042,orange
42,W,U,3,0.0062,orange
42,W,U,3,0.0097,orange
42,W,U,3,0.016,orange
42,W,U,3,0.0023,red
42,W,U,3,0.0077,red
42,W,U,4,0.0021,red
42,W,U,4,0.005,red
42,W,U,5,0.0034,orange
42,W,U,5,0.004,orange
42,W,U,5,0.0061,orange
42,W,U,5,0.0088,orange
42,W,U,5,0.0135,orange
42,W,U,5,0.0724,orange
42,W,U,6,0.0052,lime green
42,W,U,7,0.0015,orange
42,W,U,7,0.0022,orange
42,W,U,7,0.0022,orange
42,W,U,7,0.0033,orange
42,W,U,7,0.0146,orange
42,W,U,7,0.0226,orange
42,W,U,7,0.0044,orange
42,W,U,7,0.0045,orange
42,W,U,7,0.0026,orange
42,W,U,8,0.005,orange
42,W,U,8,0.0088,orange
42,W,U,8,0.0107,orange
42,W,U,8,0.0169,orange
42,W,U,8,0.0051,plain
43,E,F,3,0.122,red
43,W,U,4,0.0017,red
44,E,F,4,0.1691,prism blue
44,E,F,4,0.7643,prism orange
44,E,F,4,0.1167,prism orange
44,E,M,8,0.2664,prism orange
44,W,F,1,0.8982,prism purple
44,W,F,4,0.1654,prism purple
44,W,F,7,0.0339,prism orange
44,W,M,2,0.2127,prism purple
44,W,M,5,0.056,prism blue
44,W,M,6,0.029,prism purple
44,W,M,8,0.8601,prism purple
45,E,F,1,0.0796,blue
45,E,F,3,0.1756,red
45,E,F,3,0.0173,red
45,E,F,3,0.0523,red
45,E,F,4,0.0195,red
45,E,F,4,0.028,red
45,E,F,4,0.065,red
45,E,F,4,0.1271,red
45,E,F,5,0.7489,plain
45,E,F,5,1.1304,plain
45,E,F,5,0.0102,red
45,E,F,5,0.0103,red
45,E,F,5,0.018,red
45,E,F,5,0.0543,red
45,E,F,5,0.0743,red
45,E,F,5,0.0745,red
45,E,F,5,0.1137,red
45,E,F,5,0.2246,red
45,E,F,5,0.3473,red
45,E,F,5,0.4086,red
45,E,F,5,0.5127,red
45,E,F,5,0.7073,red
45,E,F,6,1.042,plain
45,E,F,6,0.0103,red
45,E,F,6,0.2545,red
45,E,F,6,0.0427,red
45,E,F,7,0.2638,red
45,E,F,7,0.0203,red
45,E,F,8,3.8655,plain
45,E,F,8,4.7163,plain
45,E,M,3,0.0604,red
45,E,M,4,0.0183,red
45,E,M,4,0.6369,red
45,E,M,5,0.6342,plain
45,E,M,5,0.703,plain
45,E,M,5,0.8177,plain
45,E,M,5,0.0069,red
45,E,M,5,0.0138,red
45,E,M,5,0.0199,red
45,E,M,5,0.0328,red
45,E,M,5,0.0713,red
45,E,M,5,0.087,red
45,E,M,5,0.1214,red
45,E,M,5,0.149,red
45,E,M,5,0.1492,red
45,E,M,5,0.2209,red
45,E,M,5,0.4411,red
45,E,M,5,1.9068,red
45,E,M,6,0.0036,red
45,E,M,6,0.0182,red
45,E,M,6,0.0233,red
45,E,M,6,0.0701,red
45,E,M,6,0.8464,red
45,E,M,6,0.3669,red
45,E,M,6,0.1478,red
45,E,M,6,0.3609,red
45,E,M,6,0.0505,red
45,E,M,6,0.1543,red
45,E,M,6,0.1199,red
45,E,M,7,0.1909,plain
45,E,M,7,0.0067,red
45,E,M,7,0.008,red
45,E,M,7,0.0348,red
45,E,M,7,0.0512,red
45,E,M,8,0.0104,lime green
45,E,M,8,0.0035,purple
45,E,M,8,0.0083,purple
45,E,M,8,0.0125,purple
45,E,M,8,0.0293,purple
45,E,U,1,0.0062,red
45,E,U,2,0.0014,lime green
45,E,U,3,0.013,red
45,E,U,3,0.0199,red
45,E,U,5,0.0007,blue
45,E,U,6,0.0011,green
45,E,U,6,0.015,green
45,E,U,6,0.0023,red
45,E,U,6,0.0024,red
45,E,U,6,0.0037,red
45,E,U,6,0.0038,red
45,E,U,6,0.0039,red
45,E,U,6,0.0077,red
45,E,U,6,0.0086,red
45,E,U,6,0.0089,red
45,E,U,6,0.0093,red
45,E,U,6,0.0159,red
45,E,U,6,0.0184,red
45,E,U,6,0.0246,red
45,E,U,6,0.0336,red
45,E,U,6,0.0253,red
45,E,U,6,0.0424,red
45,E,U,6,0.099,red
45,E,U,6,0.2651,red
45,E,U,7,0.0056,blue
45,E,U,7,0.0096,blue
45,E,U,7,0.0028,blue
45,E,U,7,0.0013,lime green
45,E,U,7,0.0015,lime green
45,E,U,7,0.0019,lime green
45,E,U,7,0.0022,lime green
45,E,U,7,0.0026,lime green
45,E,U,7,0.0031,lime green
45,E,U,7,0.0032,lime green
45,E,U,7,0.0012,red
45,E,U,7,0.0021,red
45,E,U,7,0.0023,red
45,E,U,7,0.0029,red
45,E,U,7,0.0051,red
45,E,U,7,0.008,red
45,E,U,7,0.0123,red
45,E,U,7,0.0242,red
45,E,U,7,0.2048,red
45,E,U,8,0.0036,blue
45,E,U,8,0.0013,purple
45,E,U,8,0.0053,purple
45,W,F,2,0.0101,blue
45,W,F,2,0.0208,blue
45,W,F,2,0.0315,blue
45,W,F,2,0.0324,blue
45,W,F,2,0.0347,blue
45,W,F,2,1.0146,blue
45,W,F,3,0.0041,blue
45,W,F,4,0.0118,blue
45,W,F,4,0.0227,blue
45,W,F,4,0.0353,blue
45,W,F,4,0.068,blue
45,W,F,5,0.3031,blue
45,W,F,6,0.0235,blue
45,W,F,7,0.0099,blue
45,W,F,7,0.0114,blue
45,W,F,7,0.0205,blue
45,W,M,1,0.0062,purple
45,W,M,1,0.0182,purple
45,W,M,2,0.0023,blue
45,W,M,2,0.0029,blue
45,W,M,2,0.0046,blue
45,W,M,2,0.0061,blue
45,W,M,2,0.0132,blue
45,W,M,2,0.0166,blue
45,W,M,2,0.0232,blue
45,W,M,2,0.026,blue
45,W,M,2,0.0263,blue
45,W,M,2,0.0946,blue
45,W,M,2,0.0099,red
45,W,M,3,0.0034,blue
45,W,M,3,0.0046,blue
45,W,M,3,0.0048,blue
45,W,M,3,0.0064,blue
45,W,M,3,0.0123,blue
45,W,M,3,0.0125,blue
45,W,M,3,0.0162,blue
45,W,M,3,0.0186,blue
45,W,M,3,0.0218,blue
45,W,M,3,0.1354,blue
45,W,M,3,0.0043,red
45,W,M,3,0.0046,red
45,W,M,3,0.0048,red
45,W,M,3,0.0092,red
45,W,M,4,0.0035,blue
45,W,M,4,0.0049,blue
45,W,M,4,0.0052,blue
45,W,M,4,0.0064,blue
45,W,M,4,0.0091,blue
45,W,M,4,0.0096,blue
45,W,M,4,0.0209,blue
45,W,M,5,0.0195,blue
45,W,M,5,0.0712,blue
45,W,M,6,0.0043,blue
45,W,M,6,0.0136,blue
45,W,M,7,0.0056,blue
45,W,M,7,0.02,blue
45,W,M,7,0.0248,blue
45,W,M,7,0.0016,red
45,W,M,8,0.0143,lime green
45,W,M,8,0.0317,lime green
45,W,M,8,0.0338,lime green
45,W,M,8,0.0047,red
45,W,U,1,0.0048,blue
45,W,U,1,0.0029,lime green
45,W,U,1,0.0031,red
45,W,U,1,0.0018,yellow
45,W,U,2,0.0007,blue
45,W,U,2,0.002,blue
45,W,U,2,0.002,blue
45,W,U,2,0.0032,blue
45,W,U,2,0.0037,blue
45,W,U,2,0.0054,blue
45,W,U,2,0.0146,blue
45,W,U,2,0.0175,blue
45,W,U,2,0.0266,blue
45,W,U,2,0.0275,blue
45,W,U,2,0.0016,blue
45,W,U,2,0.0021,blue
45,W,U,2,0.0064,blue
45,W,U,2,0.0068,blue
45,W,U,2,0.0028,red
45,W,U,2,0.0041,red
45,W,U,3,0.0022,blue
45,W,U,3,0.003,blue
45,W,U,3,0.0041,blue
45,W,U,3,0.0069,blue
45,W,U,3,0.0085,blue
45,W,U,3,0.0161,blue
45,W,U,3,0.0024,red
45,W,U,3,0.0029,red
45,W,U,3,0.003,red
45,W,U,3,0.0043,red
45,W,U,3,0.007,yellow
45,W,U,4,0.0016,blue
45,W,U,4,0.002,blue
45,W,U,4,0.0021,blue
45,W,U,4,0.0025,blue
45,W,U,4,0.0032,blue
45,W,U,4,0.0033,blue
45,W,U,4,0.0034,blue
45,W,U,4,0.0039,blue
45,W,U,4,0.0047,blue
45,W,U,4,0.0047,blue
45,W,U,4,0.0063,blue
45,W,U,4,0.0065,blue
45,W,U,4,0.007,blue
45,W,U,4,0.0073,blue
45,W,U,4,0.0084,blue
45,W,U,4,0.0106,blue
45,W,U,4,0.0137,blue
45,W,U,4,0.0148,blue
45,W,U,4,0.0186,blue
45,W,U,4,0.0016,red
45,W,U,4,0.002,red
45,W,U,4,0.0033,red
45,W,U,4,0.0034,red
45,W,U,4,0.0073,red
45,W,U,5,0.0042,blue
45,W,U,5,0.0043,blue
45,W,U,5,0.0053,blue
45,W,U,5,0.0153,blue
45,W,U,5,0.0172,blue
45,W,U,5,0.002,lime green
45,W,U,5,0.0036,lime green
45,W,U,5,0.0039,lime green
45,W,U,5,0.0029,red
45,W,U,5,0.0047,red
45,W,U,5,0.0088,red
45,W,U,5,0.0094,red
45,W,U,5,0.0148,red
45,W,U,5,0.0242,red
45,W,U,5,0.0247,red
45,W,U,5,0.1048,red
45,W,U,5,0.0024,red
45,W,U,5,0.0052,red
45,W,U,6,0.0038,lime green
45,W,U,6,0.0095,lime green
45,W,U,6,0.0029,red
45,W,U,6,0.003,red
45,W,U,6,0.003,red
45,W,U,7,0.0013,blue
45,W,U,7,0.0017,blue
45,W,U,7,0.0031,blue
45,W,U,7,0.0036,blue
45,W,U,7,0.004,blue
45,W,U,7,0.0043,blue
45,W,U,7,0.0051,blue
45,W,U,7,0.0061,blue
45,W,U,7,0.0062,blue
45,W,U,7,0.0076,blue
45,W,U,7,0.0077,blue
45,W,U,7,0.0077,blue
45,W,U,7,0.0107,blue
45,W,U,7,0.0014,red
45,W,U,7,0.0021,red
45,W,U,7,0.0023,red
45,W,U,7,0.0027,red
45,W,U,7,0.0048,red
45,W,U,7,0.0052,red
45,W,U,7,0.0015,yellow
45,W,U,8,0.0012,lime green
45,W,U,8,0.0037,lime green
45,W,U,8,0.0021,orange
45,W,U,8,0.0031,orange
45,W,U,8,0.026,orange
45,W,U,8,0.0037,red
45,W,U,8,0.0088,red
46,W,M,2,0.1092,prism purple
47,W,F,8,0.235,prism orange
48,E,F,1,0.0174,prism orange
48,E,F,1,0.5047,purple
48,E,F,2,0.6552,plain
48,E,F,3,0.0091,blue
48,E,F,3,0.0385,blue
48,E,F,3,0.0442,blue
48,E,M,3,0.1576,blue
48,E,M,3,0.0314,blue
48,E,M,3,0.2007,plain
48,E,M,3,0.8079,purple
48,W,F,1,0.2404,plain
48,W,F,1,0.702,plain
48,W,F,2,0.1929,plain
48,W,F,2,0.2593,plain
48,W,F,2,0.3606,plain
48,W,F,2,0.6311,plain
48,W,F,2,0.029,purple
48,W,F,2,0.0468,purple
48,W,F,2,0.3106,purple
48,W,F,4,0.3106,purple
48,W,F,4,0.4497,purple
48,W,F,4,0.4283,purple
48,W,F,4,0.4713,purple
48,W,F,6,0.2582,plain
48,W,F,6,0.0226,red
48,W,M,1,0.1651,plain
48,W,M,2,0.2022,plain
48,W,M,2,0.0308,red
48,W,M,4,0.0628,purple
48,W,M,7,0.055,plain
49,E,F,1,0.0046,lime green
49,E,F,1,0.0062,lime green
49,E,F,1,0.0173,lime green
49,E,F,1,0.0253,prism orange
49,E,F,1,0.0523,prism orange
49,E,F,1,0.0663,prism orange
49,E,F,2,0.0453,lime green
49,E,F,2,0.0803,lime green
49,E,F,2,0.0873,red
49,E,F,2,0.8578,red
49,E,F,3,0.033,lime green
49,E,F,3,0.0511,lime green
49,E,F,3,0.053,lime green
49,E,F,3,0.1033,lime green
49,E,F,3,0.0328,plain
49,E,F,3,0.0843,red
49,E,F,3,0.1379,red
49,E,F,3,0.1427,red
49,E,F,3,0.1875,red
49,E,F,3,0.2481,red
49,E,F,3,0.2714,red
49,E,F,3,0.313,red
49,E,F,3,0.336,red
49,E,F,3,0.5437,red
49,E,F,3,0.7787,red
49,E,F,3,0.7807,red
49,E,F,4,0.0338,lime green
49,E,F,4,0.1022,lime green
49,E,F,4,0.139,red
49,E,F,4,1.5625,red
49,E,F,5,0.4794,lime green
49,E,F,5,0.1796,plain
49,E,F,5,0.272,red
49,E,F,5,0.3,red
49,E,F,5,0.5076,red
49,E,F,5,0.6,red
49,E,F,5,0.9,red
49,E,F,5,1.1,red
49,E,F,5,1.2,red
49,E,F,5,1.3,red
49,E,F,5,1.9,red
49,E,F,5,2.4,red
49,E,F,5,3.2827,red
49,E,F,5,14.1,red
49,E,F,6,0.0222,plain
49,E,F,6,0.0331,plain
49,E,F,6,0.0473,plain
49,E,F,6,1.4659,red
49,E,F,7,0.1515,lime green
49,E,F,7,0.6937,lime green
49,E,F,7,0.148,red
49,E,F,7,0.2669,red
49,E,F,7,0.3789,red
49,E,F,7,0.3975,red
49,E,F,7,0.4448,red
49,E,F,7,1.1059,red
49,E,F,7,2.3966,red
49,E,F,8,0.2072,plain
49,E,F,8,0.1378,red
49,E,F,8,0.1994,red
49,E,F,8,0.3349,red
49,E,F,8,0.4096,red
49,E,F,8,0.0074,yellow
49,E,M,1,0.6236,red
49,E,M,1,1.2295,red
49,E,M,1,0.0919,red
49,E,M,1,0.1367,red
49,E,M,2,0.0392,red
49,E,M,2,0.044,red
49,E,M,2,0.3124,red
49,E,M,2,1.3412,red
49,E,M,3,0.0085,lime green
49,E,M,3,0.0089,lime green
49,E,M,3,0.0093,lime green
49,E,M,3,0.0353,lime green
49,E,M,3,0.0613,lime green
49,E,M,3,0.1421,lime green
49,E,M,3,0.6955,red
49,E,M,3,0.0442,red
49,E,M,3,0.0672,red
49,E,M,3,0.1497,red
49,E,M,3,0.1694,red
49,E,M,3,0.2077,red
49,E,M,4,0.0426,lime green
49,E,M,4,0.1054,lime green
49,E,M,4,1.0317,red
49,E,M,5,0.2838,plain
49,E,M,5,1.9073,red
49,E,M,5,0.3334,red
49,E,M,5,0.476,red
49,E,M,5,0.5336,red
49,E,M,5,1.0463,red
49,E,M,6,0.0583,lime green
49,E,M,6,0.037,plain
49,E,M,6,0.0046,yellow
49,E,M,6,0.0053,yellow
49,E,M,7,0.0763,lime green
49,E,M,7,0.4878,lime green
49,E,M,7,0.0972,plastic red
49,E,M,7,0.1745,plastic red
49,E,M,7,0.1762,plastic red
49,E,M,7,0.4171,plastic red
49,E,M,7,0.0069,prism orange
49,E,M,7,0.0373,red
49,E,U,4,0.1008,red
49,W,F,1,0.7598,red
49,W,F,1,1.1544,red
49,W,F,2,0.662,lime green
49,W,F,3,4.6993,red
49,W,F,3,0.207,red
49,W,F,3,0.2541,red
49,W,F,3,1.9088,red
49,W,F,4,0.2328,lime green
49,W,F,4,0.3522,lime green
49,W,F,4,1.6501,lime green
49,W,F,4,0.0518,orange
49,W,F,4,0.5124,red
49,W,F,5,0.4321,plain
49,W,F,5,2.3894,red
49,W,F,5,0.1062,red
49,W,F,5,0.1416,red
49,W,F,5,0.1932,red
49,W,F,5,0.2887,red
49,W,F,5,0.3236,red
49,W,F,5,0.5725,red
49,W,F,5,0.0055,yellow
49,W,F,6,0.2046,lime green
49,W,F,6,0.1237,lime green
49,W,F,6,2.1709,red
49,W,F,6,0.1194,red
49,W,F,6,0.2397,red
49,W,F,6,0.9674,red
49,W,F,7,0.1733,lime green
49,W,F,7,0.1572,red
49,W,F,7,1.2024,red
49,W,F,7,1.4952,red
49,W,F,8,0.026,lime green
49,W,F,8,0.0272,lime green
49,W,F,8,0.0279,lime green
49,W,F,8,0.0396,lime green
49,W,F,8,0.0064,plain
49,W,F,8,0.0296,plain
49,W,F,8,0.172,red
49,W,M,1,0.0539,prism orange
49,W,M,2,0.0886,lime green
49,W,M,4,0.0844,lime green
49,W,M,4,0.1074,lime green
49,W,M,4,0.0107,prism orange
49,W,M,5,0.1384,lime green
49,W,M,5,0.1218,lime green
49,W,M,5,0.296,lime green
49,W,M,5,0.3211,plain
49,W,M,5,2.7698,red
49,W,M,5,4.2783,red
49,W,M,6,0.6576,red
49,W,M,7,0.3784,red
49,W,M,8,0.0197,lime green
49,W,M,8,0.0488,lime green
49,W,M,8,0.0553,lime green
49,W,M,8,0.2863,lime green
49,W,M,.,0.1324,red
.,W,F,5,1.4095,yellow
