.imp,Block,Crop_ID,Corn_weed_management,Female,Male,Total
1,1,O4,conv,169,103,306
1,1,O4,low,94,37,133
1,1,C3,conv,8,8,38
1,1,C3,low,13,14,53
1,1,C2,conv,41,31,87
1,1,C2,low,12,15,44
1,1,C4,conv,1,3,5
1,1,C4,low,6,5,17
1,1,O3,conv,37,30,65
1,1,O3,low,33,19,52
1,1,A4,conv,54,52,107
1,1,A4,low,64,32,91
1,1,S2,conv,0,0,0
1,1,S2,low,2,1,1
1,1,S3,conv,0,0,0
1,1,S3,low,0,0,0
1,1,S4,conv,0,0,0
1,1,S4,low,0,0,0
1,2,O4,conv,110,44,161
1,2,O4,low,91,73,160
1,2,C3,conv,34,26,96
1,2,C3,low,16,9,68
1,2,C2,conv,74,64,167
1,2,C2,low,69,45,145
1,2,C4,conv,16,13,31
1,2,C4,low,10,5,19
1,2,O3,conv,38,30,79
1,2,O3,low,18,6,23
1,2,A4,conv,48,25,86
1,2,A4,low,86,47,133
1,2,S2,conv,0,0,0
1,2,S2,low,0,0,0
1,2,S3,conv,0,0,0
1,2,S3,low,0,5,5
1,2,S4,conv,1,0,1
1,2,S4,low,2,4,6
1,3,O4,conv,149,93,273
1,3,O4,low,69,54,155
1,3,C3,conv,11,24,105
1,3,C3,low,10,17,46
1,3,C2,conv,11,10,76
1,3,C2,low,27,13,73
1,3,C4,conv,10,5,21
1,3,C4,low,8,5,37
1,3,O3,conv,38,33,73
1,3,O3,low,38,15,50
1,3,A4,conv,31,25,55
1,3,A4,low,53,22,76
1,3,S2,conv,15,10,24
1,3,S2,low,0,2,2
1,3,S3,conv,0,0,0
1,3,S3,low,0,0,0
1,3,S4,conv,0,0,0
1,3,S4,low,0,0,0
1,4,O4,conv,76,39,119
1,4,O4,low,73,34,114
1,4,C3,conv,22,22,97
1,4,C3,low,16,16,76
1,4,C2,conv,56,75,189
1,4,C2,low,27,49,189
1,4,C4,conv,1,1,8
1,4,C4,low,4,2,13
1,4,O3,conv,35,19,67
1,4,O3,low,40,14,88
1,4,A4,conv,28,22,55
1,4,A4,low,32,10,47
1,4,S2,conv,8,4,12
1,4,S2,low,1,1,2
1,4,S3,conv,0,0,0
1,4,S3,low,0,0,2
1,4,S4,conv,0,0,0
1,4,S4,low,13,20,44
2,1,O4,conv,171,101,298
2,1,O4,low,102,34,138
2,1,C3,conv,11,12,49
2,1,C3,low,22,9,53
2,1,C2,conv,37,29,88
2,1,C2,low,5,4,20
2,1,C4,conv,0,2,3
2,1,C4,low,5,8,27
2,1,O3,conv,40,33,91
2,1,O3,low,50,25,73
2,1,A4,conv,63,56,137
2,1,A4,low,61,31,90
2,1,S2,conv,5,7,10
2,1,S2,low,2,3,4
2,1,S3,conv,0,0,0
2,1,S3,low,0,0,0
2,1,S4,conv,0,0,0
2,1,S4,low,0,0,0
2,2,O4,conv,105,45,148
2,2,O4,low,87,64,153
2,2,C3,conv,50,29,107
2,2,C3,low,30,11,73
2,2,C2,conv,82,68,170
2,2,C2,low,61,32,123
2,2,C4,conv,11,12,26
2,2,C4,low,5,5,16
2,2,O3,conv,48,34,83
2,2,O3,low,24,21,61
2,2,A4,conv,23,10,31
2,2,A4,low,83,43,127
2,2,S2,conv,0,1,1
2,2,S2,low,0,0,0
2,2,S3,conv,0,2,2
2,2,S3,low,0,0,0
2,2,S4,conv,0,0,0
2,2,S4,low,0,0,0
2,3,O4,conv,125,82,239
2,3,O4,low,79,47,158
2,3,C3,conv,2,24,100
2,3,C3,low,9,13,45
2,3,C2,conv,6,9,71
2,3,C2,low,26,37,109
2,3,C4,conv,3,3,12
2,3,C4,low,18,24,48
2,3,O3,conv,40,30,75
2,3,O3,low,32,18,59
2,3,A4,conv,58,26,91
2,3,A4,low,65,43,103
2,3,S2,conv,1,2,2
2,3,S2,low,3,2,3
2,3,S3,conv,0,0,0
2,3,S3,low,0,0,0
2,3,S4,conv,0,0,0
2,3,S4,low,0,0,0
2,4,O4,conv,68,40,110
2,4,O4,low,55,36,103
2,4,C3,conv,17,20,98
2,4,C3,low,14,18,72
2,4,C2,conv,31,44,145
2,4,C2,low,16,49,187
2,4,C4,conv,0,1,7
2,4,C4,low,2,5,8
2,4,O3,conv,26,25,59
2,4,O3,low,28,16,66
2,4,A4,conv,27,20,51
2,4,A4,low,34,13,45
2,4,S2,conv,13,22,35
2,4,S2,low,10,8,15
2,4,S3,conv,0,0,0
2,4,S3,low,0,0,0
2,4,S4,conv,0,0,0
2,4,S4,low,0,0,0
3,1,O4,conv,159,104,287
3,1,O4,low,110,55,184
3,1,C3,conv,9,11,36
3,1,C3,low,10,7,41
3,1,C2,conv,39,27,81
3,1,C2,low,17,10,57
3,1,C4,conv,13,6,18
3,1,C4,low,6,3,11
3,1,O3,conv,38,24,68
3,1,O3,low,36,20,63
3,1,A4,conv,53,40,101
3,1,A4,low,60,27,88
3,1,S2,conv,0,0,0
3,1,S2,low,0,0,2
3,1,S3,conv,0,1,1
3,1,S3,low,0,0,0
3,1,S4,conv,0,0,0
3,1,S4,low,0,0,0
3,2,O4,conv,99,45,164
3,2,O4,low,69,51,124
3,2,C3,conv,30,25,79
3,2,C3,low,15,11,60
3,2,C2,conv,75,64,159
3,2,C2,low,59,20,107
3,2,C4,conv,7,1,8
3,2,C4,low,1,5,10
3,2,O3,conv,58,38,106
3,2,O3,low,33,21,67
3,2,A4,conv,17,9,26
3,2,A4,low,76,42,125
3,2,S2,conv,1,0,3
3,2,S2,low,0,0,0
3,2,S3,conv,1,0,1
3,2,S3,low,0,0,0
3,2,S4,conv,0,0,0
3,2,S4,low,0,9,10
3,3,O4,conv,137,86,252
3,3,O4,low,61,43,125
3,3,C3,conv,7,24,100
3,3,C3,low,18,23,65
3,3,C2,conv,8,12,81
3,3,C2,low,17,14,66
3,3,C4,conv,3,3,11
3,3,C4,low,7,21,52
3,3,O3,conv,47,38,83
3,3,O3,low,29,11,45
3,3,A4,conv,39,32,74
3,3,A4,low,32,11,53
3,3,S2,conv,2,2,7
3,3,S2,low,0,0,0
3,3,S3,conv,0,0,0
3,3,S3,low,0,0,0
3,3,S4,conv,0,0,0
3,3,S4,low,0,0,0
3,4,O4,conv,75,51,126
3,4,O4,low,48,24,90
3,4,C3,conv,13,21,92
3,4,C3,low,8,24,81
3,4,C2,conv,33,44,130
3,4,C2,low,30,60,204
3,4,C4,conv,5,2,16
3,4,C4,low,13,12,33
3,4,O3,conv,47,31,87
3,4,O3,low,22,16,44
3,4,A4,conv,27,19,49
3,4,A4,low,45,11,55
3,4,S2,conv,15,6,30
3,4,S2,low,4,0,8
3,4,S3,conv,0,0,0
3,4,S3,low,0,2,2
3,4,S4,conv,0,0,0
3,4,S4,low,0,0,1
4,1,O4,conv,156,102,276
4,1,O4,low,107,49,157
4,1,C3,conv,7,11,37
4,1,C3,low,14,7,46
4,1,C2,conv,34,28,86
4,1,C2,low,6,5,27
4,1,C4,conv,1,3,6
4,1,C4,low,3,4,9
4,1,O3,conv,29,39,72
4,1,O3,low,50,32,89
4,1,A4,conv,60,52,121
4,1,A4,low,67,31,94
4,1,S2,conv,2,1,1
4,1,S2,low,2,2,3
4,1,S3,conv,0,0,0
4,1,S3,low,0,0,0
4,1,S4,conv,0,0,0
4,1,S4,low,0,0,0
4,2,O4,conv,94,60,153
4,2,O4,low,95,52,145
4,2,C3,conv,37,25,85
4,2,C3,low,38,22,102
4,2,C2,conv,74,68,167
4,2,C2,low,39,25,103
4,2,C4,conv,8,5,11
4,2,C4,low,7,1,13
4,2,O3,conv,35,25,61
4,2,O3,low,37,28,70
4,2,A4,conv,23,13,36
4,2,A4,low,81,46,131
4,2,S2,conv,0,1,4
4,2,S2,low,0,0,0
4,2,S3,conv,0,0,0
4,2,S3,low,0,0,0
4,2,S4,conv,2,2,3
4,2,S4,low,0,0,0
4,3,O4,conv,130,86,245
4,3,O4,low,60,51,150
4,3,C3,conv,3,27,101
4,3,C3,low,10,25,52
4,3,C2,conv,6,6,69
4,3,C2,low,11,10,53
4,3,C4,conv,3,3,11
4,3,C4,low,12,27,46
4,3,O3,conv,35,31,81
4,3,O3,low,36,18,53
4,3,A4,conv,41,24,73
4,3,A4,low,54,20,82
4,3,S2,conv,0,2,1
4,3,S2,low,0,0,3
4,3,S3,conv,0,0,0
4,3,S3,low,0,0,0
4,3,S4,conv,0,0,0
4,3,S4,low,0,0,0
4,4,O4,conv,81,48,135
4,4,O4,low,66,36,108
4,4,C3,conv,13,16,84
4,4,C3,low,6,7,53
4,4,C2,conv,42,51,149
4,4,C2,low,17,54,189
4,4,C4,conv,0,0,1
4,4,C4,low,14,9,20
4,4,O3,conv,61,55,139
4,4,O3,low,45,16,62
4,4,A4,conv,30,22,55
4,4,A4,low,41,12,73
4,4,S2,conv,23,16,42
4,4,S2,low,22,7,27
4,4,S3,conv,0,0,0
4,4,S3,low,0,0,0
4,4,S4,conv,3,5,10
4,4,S4,low,4,4,15
5,1,O4,conv,169,109,297
5,1,O4,low,101,42,146
5,1,C3,conv,9,8,35
5,1,C3,low,17,14,57
5,1,C2,conv,40,30,86
5,1,C2,low,10,12,34
5,1,C4,conv,0,0,1
5,1,C4,low,9,7,18
5,1,O3,conv,27,29,58
5,1,O3,low,31,15,45
5,1,A4,conv,48,45,100
5,1,A4,low,61,36,102
5,1,S2,conv,2,5,7
5,1,S2,low,7,7,16
5,1,S3,conv,0,0,0
5,1,S3,low,0,0,0
5,1,S4,conv,0,0,0
5,1,S4,low,0,0,0
5,2,O4,conv,99,50,148
5,2,O4,low,86,52,141
5,2,C3,conv,31,28,84
5,2,C3,low,32,19,84
5,2,C2,conv,72,62,155
5,2,C2,low,30,37,98
5,2,C4,conv,5,2,10
5,2,C4,low,18,11,33
5,2,O3,conv,34,23,59
5,2,O3,low,23,12,56
5,2,A4,conv,25,8,34
5,2,A4,low,87,47,135
5,2,S2,conv,0,2,2
5,2,S2,low,0,0,0
5,2,S3,conv,1,1,1
5,2,S3,low,1,0,0
5,2,S4,conv,0,0,0
5,2,S4,low,0,5,5
5,3,O4,conv,137,90,255
5,3,O4,low,71,54,149
5,3,C3,conv,13,38,121
5,3,C3,low,5,10,42
5,3,C2,conv,6,7,69
5,3,C2,low,13,15,57
5,3,C4,conv,5,5,15
5,3,C4,low,1,4,16
5,3,O3,conv,36,28,66
5,3,O3,low,44,20,73
5,3,A4,conv,27,19,47
5,3,A4,low,35,12,46
5,3,S2,conv,5,0,6
5,3,S2,low,2,2,10
5,3,S3,conv,0,0,0
5,3,S3,low,0,0,0
5,3,S4,conv,3,1,10
5,3,S4,low,0,0,0
5,4,O4,conv,76,45,128
5,4,O4,low,56,25,81
5,4,C3,conv,14,19,83
5,4,C3,low,11,12,66
5,4,C2,conv,37,47,144
5,4,C2,low,28,61,207
5,4,C4,conv,17,14,35
5,4,C4,low,12,4,22
5,4,O3,conv,54,37,115
5,4,O3,low,37,14,60
5,4,A4,conv,31,18,53
5,4,A4,low,45,10,59
5,4,S2,conv,8,3,17
5,4,S2,low,2,4,11
5,4,S3,conv,0,0,0
5,4,S3,low,0,0,0
5,4,S4,conv,0,0,0
5,4,S4,low,20,7,28
6,1,O4,conv,170,103,287
6,1,O4,low,89,34,132
6,1,C3,conv,12,11,56
6,1,C3,low,5,10,46
6,1,C2,conv,34,29,80
6,1,C2,low,15,4,36
6,1,C4,conv,0,0,1
6,1,C4,low,3,3,9
6,1,O3,conv,35,25,56
6,1,O3,low,45,36,85
6,1,A4,conv,68,68,156
6,1,A4,low,70,45,110
6,1,S2,conv,1,0,1
6,1,S2,low,1,1,11
6,1,S3,conv,0,0,0
6,1,S3,low,0,0,0
6,1,S4,conv,0,0,0
6,1,S4,low,0,0,0
6,2,O4,conv,107,48,164
6,2,O4,low,84,50,137
6,2,C3,conv,35,27,84
6,2,C3,low,21,12,79
6,2,C2,conv,80,64,163
6,2,C2,low,57,32,106
6,2,C4,conv,4,2,7
6,2,C4,low,2,4,17
6,2,O3,conv,33,23,55
6,2,O3,low,11,16,34
6,2,A4,conv,33,23,58
6,2,A4,low,83,46,132
6,2,S2,conv,4,7,14
6,2,S2,low,0,0,0
6,2,S3,conv,0,0,0
6,2,S3,low,0,0,0
6,2,S4,conv,0,0,0
6,2,S4,low,2,0,2
6,3,O4,conv,130,82,246
6,3,O4,low,69,63,161
6,3,C3,conv,4,26,101
6,3,C3,low,15,14,53
6,3,C2,conv,11,12,85
6,3,C2,low,42,22,97
6,3,C4,conv,3,3,11
6,3,C4,low,2,2,5
6,3,O3,conv,33,27,62
6,3,O3,low,50,20,83
6,3,A4,conv,31,18,53
6,3,A4,low,43,13,62
6,3,S2,conv,8,13,31
6,3,S2,low,0,0,0
6,3,S3,conv,0,0,0
6,3,S3,low,0,0,0
6,3,S4,conv,0,0,0
6,3,S4,low,0,0,0
6,4,O4,conv,69,47,125
6,4,O4,low,45,27,84
6,4,C3,conv,13,25,96
6,4,C3,low,11,13,88
6,4,C2,conv,34,51,147
6,4,C2,low,22,51,203
6,4,C4,conv,4,4,8
6,4,C4,low,7,10,26
6,4,O3,conv,49,22,78
6,4,O3,low,38,17,70
6,4,A4,conv,29,22,61
6,4,A4,low,31,8,53
6,4,S2,conv,17,15,33
6,4,S2,low,2,1,28
6,4,S3,conv,0,0,0
6,4,S3,low,0,0,0
6,4,S4,conv,0,0,0
6,4,S4,low,0,0,1
7,1,O4,conv,153,95,267
7,1,O4,low,109,49,162
7,1,C3,conv,30,29,71
7,1,C3,low,4,4,33
7,1,C2,conv,33,27,94
7,1,C2,low,22,18,65
7,1,C4,conv,0,1,2
7,1,C4,low,8,9,20
7,1,O3,conv,54,33,86
7,1,O3,low,36,19,51
7,1,A4,conv,49,37,84
7,1,A4,low,66,29,94
7,1,S2,conv,0,0,0
7,1,S2,low,2,1,2
7,1,S3,conv,0,1,1
7,1,S3,low,0,0,0
7,1,S4,conv,0,0,0
7,1,S4,low,0,0,0
7,2,O4,conv,108,42,148
7,2,O4,low,98,75,196
7,2,C3,conv,31,25,91
7,2,C3,low,29,21,86
7,2,C2,conv,73,63,157
7,2,C2,low,52,17,100
7,2,C4,conv,9,4,12
7,2,C4,low,27,15,47
7,2,O3,conv,36,22,58
7,2,O3,low,18,12,37
7,2,A4,conv,22,11,37
7,2,A4,low,79,42,132
7,2,S2,conv,0,0,0
7,2,S2,low,0,0,0
7,2,S3,conv,0,0,0
7,2,S3,low,0,0,0
7,2,S4,conv,0,0,0
7,2,S4,low,5,2,6
7,3,O4,conv,136,89,254
7,3,O4,low,77,42,147
7,3,C3,conv,5,25,101
7,3,C3,low,7,15,51
7,3,C2,conv,12,9,81
7,3,C2,low,13,13,60
7,3,C4,conv,3,3,11
7,3,C4,low,10,18,31
7,3,O3,conv,38,32,78
7,3,O3,low,36,14,54
7,3,A4,conv,27,20,52
7,3,A4,low,33,11,52
7,3,S2,conv,1,1,2
7,3,S2,low,7,7,13
7,3,S3,conv,0,0,0
7,3,S3,low,0,0,0
7,3,S4,conv,0,1,1
7,3,S4,low,0,0,0
7,4,O4,conv,75,38,115
7,4,O4,low,64,27,112
7,4,C3,conv,24,27,102
7,4,C3,low,14,15,69
7,4,C2,conv,35,46,143
7,4,C2,low,42,60,241
7,4,C4,conv,3,0,5
7,4,C4,low,9,9,18
7,4,O3,conv,39,29,84
7,4,O3,low,28,12,59
7,4,A4,conv,22,14,40
7,4,A4,low,34,9,43
7,4,S2,conv,12,10,24
7,4,S2,low,5,1,5
7,4,S3,conv,0,0,0
7,4,S3,low,0,0,0
7,4,S4,conv,0,0,0
7,4,S4,low,0,0,0
8,1,O4,conv,147,98,268
8,1,O4,low,96,43,154
8,1,C3,conv,10,10,42
8,1,C3,low,15,11,49
8,1,C2,conv,34,25,92
8,1,C2,low,32,20,75
8,1,C4,conv,0,1,2
8,1,C4,low,2,13,19
8,1,O3,conv,34,25,78
8,1,O3,low,39,23,63
8,1,A4,conv,51,42,102
8,1,A4,low,58,35,95
8,1,S2,conv,0,0,2
8,1,S2,low,2,1,2
8,1,S3,conv,0,0,0
8,1,S3,low,0,0,0
8,1,S4,conv,0,0,0
8,1,S4,low,0,0,0
8,2,O4,conv,105,50,158
8,2,O4,low,89,56,138
8,2,C3,conv,34,27,88
8,2,C3,low,35,26,95
8,2,C2,conv,72,61,162
8,2,C2,low,38,31,105
8,2,C4,conv,12,12,29
8,2,C4,low,1,6,13
8,2,O3,conv,44,31,74
8,2,O3,low,23,6,29
8,2,A4,conv,20,11,33
8,2,A4,low,88,48,137
8,2,S2,conv,0,0,0
8,2,S2,low,0,0,0
8,2,S3,conv,1,0,1
8,2,S3,low,0,0,0
8,2,S4,conv,0,0,0
8,2,S4,low,0,0,0
8,3,O4,conv,143,98,272
8,3,O4,low,67,55,163
8,3,C3,conv,3,24,99
8,3,C3,low,15,16,55
8,3,C2,conv,7,7,70
8,3,C2,low,15,23,71
8,3,C4,conv,3,3,11
8,3,C4,low,4,9,16
8,3,O3,conv,47,40,91
8,3,O3,low,39,14,61
8,3,A4,conv,27,16,45
8,3,A4,low,44,22,75
8,3,S2,conv,3,3,6
8,3,S2,low,5,5,10
8,3,S3,conv,0,0,0
8,3,S3,low,0,0,0
8,3,S4,conv,0,0,0
8,3,S4,low,0,0,0
8,4,O4,conv,83,47,133
8,4,O4,low,57,20,92
8,4,C3,conv,23,23,94
8,4,C3,low,13,13,72
8,4,C2,conv,43,48,151
8,4,C2,low,27,56,218
8,4,C4,conv,6,3,12
8,4,C4,low,5,5,20
8,4,O3,conv,33,17,76
8,4,O3,low,38,27,68
8,4,A4,conv,31,23,58
8,4,A4,low,38,6,49
8,4,S2,conv,11,7,25
8,4,S2,low,6,7,13
8,4,S3,conv,2,1,11
8,4,S3,low,0,0,0
8,4,S4,conv,0,0,0
8,4,S4,low,3,0,2
9,1,O4,conv,177,121,305
9,1,O4,low,88,38,133
9,1,C3,conv,35,13,60
9,1,C3,low,12,10,54
9,1,C2,conv,37,34,88
9,1,C2,low,8,4,23
9,1,C4,conv,4,1,10
9,1,C4,low,6,9,20
9,1,O3,conv,48,26,71
9,1,O3,low,32,16,45
9,1,A4,conv,46,36,85
9,1,A4,low,64,41,103
9,1,S2,conv,1,5,6
9,1,S2,low,11,6,33
9,1,S3,conv,0,10,11
9,1,S3,low,0,0,0
9,1,S4,conv,0,0,0
9,1,S4,low,0,0,0
9,2,O4,conv,102,43,141
9,2,O4,low,80,46,147
9,2,C3,conv,34,28,106
9,2,C3,low,16,9,77
9,2,C2,conv,76,65,168
9,2,C2,low,47,31,127
9,2,C4,conv,5,5,11
9,2,C4,low,6,7,14
9,2,O3,conv,37,32,71
9,2,O3,low,14,28,42
9,2,A4,conv,26,12,39
9,2,A4,low,83,47,132
9,2,S2,conv,2,6,9
9,2,S2,low,0,0,0
9,2,S3,conv,0,0,0
9,2,S3,low,0,3,3
9,2,S4,conv,1,1,5
9,2,S4,low,1,0,1
9,3,O4,conv,130,89,250
9,3,O4,low,67,55,149
9,3,C3,conv,3,23,98
9,3,C3,low,24,16,66
9,3,C2,conv,7,7,68
9,3,C2,low,19,12,68
9,3,C4,conv,3,3,11
9,3,C4,low,5,6,25
9,3,O3,conv,30,27,62
9,3,O3,low,28,16,44
9,3,A4,conv,22,24,55
9,3,A4,low,38,9,61
9,3,S2,conv,4,1,4
9,3,S2,low,1,2,11
9,3,S3,conv,0,0,0
9,3,S3,low,0,0,0
9,3,S4,conv,0,0,0
9,3,S4,low,0,0,0
9,4,O4,conv,70,48,119
9,4,O4,low,51,24,77
9,4,C3,conv,17,21,96
9,4,C3,low,5,24,75
9,4,C2,conv,39,45,138
9,4,C2,low,29,59,200
9,4,C4,conv,8,1,10
9,4,C4,low,3,7,18
9,4,O3,conv,38,29,93
9,4,O3,low,30,25,67
9,4,A4,conv,38,22,69
9,4,A4,low,40,16,60
9,4,S2,conv,13,14,35
9,4,S2,low,3,2,4
9,4,S3,conv,0,0,0
9,4,S3,low,2,1,5
9,4,S4,conv,0,2,1
9,4,S4,low,0,0,1
10,1,O4,conv,152,98,270
10,1,O4,low,108,42,150
10,1,C3,conv,8,8,40
10,1,C3,low,27,14,68
10,1,C2,conv,38,30,98
10,1,C2,low,12,6,39
10,1,C4,conv,2,0,3
10,1,C4,low,11,4,17
10,1,O3,conv,58,50,109
10,1,O3,low,46,19,65
10,1,A4,conv,55,37,93
10,1,A4,low,58,33,92
10,1,S2,conv,2,1,2
10,1,S2,low,1,0,3
10,1,S3,conv,0,0,0
10,1,S3,low,0,0,0
10,1,S4,conv,0,0,0
10,1,S4,low,0,0,0
10,2,O4,conv,100,45,148
10,2,O4,low,88,62,162
10,2,C3,conv,44,28,106
10,2,C3,low,25,10,97
10,2,C2,conv,90,73,184
10,2,C2,low,36,29,92
10,2,C4,conv,11,11,23
10,2,C4,low,0,3,7
10,2,O3,conv,39,25,62
10,2,O3,low,28,15,54
10,2,A4,conv,22,8,30
10,2,A4,low,76,48,127
10,2,S2,conv,0,0,0
10,2,S2,low,0,0,0
10,2,S3,conv,0,0,0
10,2,S3,low,0,1,1
10,2,S4,conv,0,0,0
10,2,S4,low,1,0,0
10,3,O4,conv,126,81,234
10,3,O4,low,60,45,141
10,3,C3,conv,7,26,112
10,3,C3,low,17,19,60
10,3,C2,conv,9,7,73
10,3,C2,low,16,12,62
10,3,C4,conv,3,3,15
10,3,C4,low,1,3,28
10,3,O3,conv,38,28,72
10,3,O3,low,31,9,49
10,3,A4,conv,30,23,56
10,3,A4,low,51,27,84
10,3,S2,conv,4,6,10
10,3,S2,low,1,0,1
10,3,S3,conv,0,0,0
10,3,S3,low,0,0,0
10,3,S4,conv,0,0,0
10,3,S4,low,0,0,0
10,4,O4,conv,68,40,111
10,4,O4,low,62,30,93
10,4,C3,conv,20,20,91
10,4,C3,low,5,17,68
10,4,C2,conv,39,49,138
10,4,C2,low,24,51,194
10,4,C4,conv,0,0,7
10,4,C4,low,7,0,9
10,4,O3,conv,38,34,85
10,4,O3,low,35,15,62
10,4,A4,conv,23,14,38
10,4,A4,low,41,11,62
10,4,S2,conv,7,5,11
10,4,S2,low,7,9,14
10,4,S3,conv,0,0,0
10,4,S3,low,12,10,26
10,4,S4,conv,0,0,0
10,4,S4,low,0,0,4
11,1,O4,conv,168,120,305
11,1,O4,low,89,41,148
11,1,C3,conv,8,8,42
11,1,C3,low,18,15,63
11,1,C2,conv,33,25,91
11,1,C2,low,8,6,37
11,1,C4,conv,4,2,6
11,1,C4,low,5,3,12
11,1,O3,conv,31,31,81
11,1,O3,low,40,15,56
11,1,A4,conv,49,37,99
11,1,A4,low,56,32,93
11,1,S2,conv,0,0,0
11,1,S2,low,0,0,0
11,1,S3,conv,0,0,0
11,1,S3,low,0,0,0
11,1,S4,conv,0,0,0
11,1,S4,low,0,0,0
11,2,O4,conv,93,41,135
11,2,O4,low,89,54,145
11,2,C3,conv,33,28,94
11,2,C3,low,28,13,89
11,2,C2,conv,73,64,158
11,2,C2,low,79,27,143
11,2,C4,conv,8,4,12
11,2,C4,low,5,2,13
11,2,O3,conv,32,22,54
11,2,O3,low,23,10,28
11,2,A4,conv,26,12,37
11,2,A4,low,75,39,114
11,2,S2,conv,2,3,4
11,2,S2,low,0,0,0
11,2,S3,conv,0,0,0
11,2,S3,low,0,0,0
11,2,S4,conv,0,1,1
11,2,S4,low,0,0,1
11,3,O4,conv,134,91,257
11,3,O4,low,58,55,144
11,3,C3,conv,4,23,96
11,3,C3,low,8,10,44
11,3,C2,conv,9,11,78
11,3,C2,low,26,20,90
11,3,C4,conv,3,3,11
11,3,C4,low,4,22,36
11,3,O3,conv,33,37,78
11,3,O3,low,39,19,60
11,3,A4,conv,32,18,59
11,3,A4,low,47,16,63
11,3,S2,conv,2,5,8
11,3,S2,low,0,0,0
11,3,S3,conv,0,0,0
11,3,S3,low,0,0,0
11,3,S4,conv,0,0,0
11,3,S4,low,0,0,0
11,4,O4,conv,84,50,141
11,4,O4,low,65,48,130
11,4,C3,conv,16,22,100
11,4,C3,low,8,8,63
11,4,C2,conv,43,52,158
11,4,C2,low,19,49,187
11,4,C4,conv,3,0,3
11,4,C4,low,11,16,26
11,4,O3,conv,73,42,132
11,4,O3,low,22,15,49
11,4,A4,conv,36,20,57
11,4,A4,low,42,11,51
11,4,S2,conv,15,16,34
11,4,S2,low,0,0,0
11,4,S3,conv,1,0,1
11,4,S3,low,0,0,0
11,4,S4,conv,0,1,1
11,4,S4,low,0,0,0
12,1,O4,conv,179,108,311
12,1,O4,low,87,33,121
12,1,C3,conv,14,12,43
12,1,C3,low,19,10,52
12,1,C2,conv,51,43,121
12,1,C2,low,12,8,33
12,1,C4,conv,2,1,4
12,1,C4,low,9,8,20
12,1,O3,conv,51,31,81
12,1,O3,low,36,14,40
12,1,A4,conv,64,46,103
12,1,A4,low,67,31,105
12,1,S2,conv,3,0,2
12,1,S2,low,0,0,0
12,1,S3,conv,0,1,1
12,1,S3,low,0,0,0
12,1,S4,conv,0,0,0
12,1,S4,low,0,0,0
12,2,O4,conv,126,55,181
12,2,O4,low,103,57,164
12,2,C3,conv,32,30,97
12,2,C3,low,31,19,91
12,2,C2,conv,73,62,162
12,2,C2,low,37,26,96
12,2,C4,conv,5,5,10
12,2,C4,low,2,2,8
12,2,O3,conv,32,22,54
12,2,O3,low,12,5,18
12,2,A4,conv,35,15,52
12,2,A4,low,75,40,117
12,2,S2,conv,0,2,3
12,2,S2,low,0,0,0
12,2,S3,conv,0,1,1
12,2,S3,low,0,0,0
12,2,S4,conv,0,0,0
12,2,S4,low,0,0,2
12,3,O4,conv,137,91,258
12,3,O4,low,73,47,152
12,3,C3,conv,3,23,101
12,3,C3,low,16,20,66
12,3,C2,conv,10,9,74
12,3,C2,low,10,8,55
12,3,C4,conv,3,3,11
12,3,C4,low,22,8,38
12,3,O3,conv,35,32,76
12,3,O3,low,36,14,51
12,3,A4,conv,43,30,73
12,3,A4,low,45,18,62
12,3,S2,conv,0,0,1
12,3,S2,low,0,0,0
12,3,S3,conv,0,0,0
12,3,S3,low,0,0,0
12,3,S4,conv,1,0,3
12,3,S4,low,0,0,0
12,4,O4,conv,72,40,117
12,4,O4,low,54,29,94
12,4,C3,conv,14,24,102
12,4,C3,low,7,14,68
12,4,C2,conv,49,53,164
12,4,C2,low,24,55,209
12,4,C4,conv,6,2,21
12,4,C4,low,3,2,15
12,4,O3,conv,51,34,95
12,4,O3,low,60,26,97
12,4,A4,conv,21,13,39
12,4,A4,low,41,18,61
12,4,S2,conv,8,8,18
12,4,S2,low,4,5,10
12,4,S3,conv,0,0,0
12,4,S3,low,0,0,4
12,4,S4,conv,0,0,0
12,4,S4,low,3,1,10
13,1,O4,conv,161,96,282
13,1,O4,low,100,39,157
13,1,C3,conv,8,15,52
13,1,C3,low,12,9,45
13,1,C2,conv,43,32,98
13,1,C2,low,14,8,60
13,1,C4,conv,2,2,6
13,1,C4,low,2,3,13
13,1,O3,conv,26,23,57
13,1,O3,low,30,18,49
13,1,A4,conv,63,43,101
13,1,A4,low,70,36,103
13,1,S2,conv,4,7,11
13,1,S2,low,2,0,2
13,1,S3,conv,0,0,0
13,1,S3,low,0,0,0
13,1,S4,conv,0,0,0
13,1,S4,low,0,0,0
13,2,O4,conv,115,52,184
13,2,O4,low,73,47,125
13,2,C3,conv,48,30,103
13,2,C3,low,32,14,80
13,2,C2,conv,72,61,162
13,2,C2,low,57,26,119
13,2,C4,conv,7,1,8
13,2,C4,low,3,4,11
13,2,O3,conv,46,37,79
13,2,O3,low,8,4,12
13,2,A4,conv,32,20,54
13,2,A4,low,96,56,164
13,2,S2,conv,0,1,1
13,2,S2,low,0,0,0
13,2,S3,conv,0,0,0
13,2,S3,low,1,0,0
13,2,S4,conv,1,0,1
13,2,S4,low,1,0,1
13,3,O4,conv,125,81,235
13,3,O4,low,57,44,139
13,3,C3,conv,4,26,101
13,3,C3,low,27,19,66
13,3,C2,conv,10,11,83
13,3,C2,low,14,12,63
13,3,C4,conv,3,3,11
13,3,C4,low,8,7,24
13,3,O3,conv,36,25,59
13,3,O3,low,28,16,53
13,3,A4,conv,37,27,75
13,3,A4,low,46,16,85
13,3,S2,conv,3,0,3
13,3,S2,low,0,2,2
13,3,S3,conv,0,0,0
13,3,S3,low,0,0,0
13,3,S4,conv,0,1,1
13,3,S4,low,0,0,0
13,4,O4,conv,74,52,148
13,4,O4,low,50,24,90
13,4,C3,conv,13,21,89
13,4,C3,low,10,5,51
13,4,C2,conv,35,48,161
13,4,C2,low,16,55,190
13,4,C4,conv,6,1,13
13,4,C4,low,5,6,22
13,4,O3,conv,39,28,96
13,4,O3,low,41,26,70
13,4,A4,conv,31,26,60
13,4,A4,low,52,15,67
13,4,S2,conv,27,38,71
13,4,S2,low,3,6,12
13,4,S3,conv,0,0,0
13,4,S3,low,0,0,0
13,4,S4,conv,1,0,1
13,4,S4,low,0,1,2
14,1,O4,conv,173,122,310
14,1,O4,low,97,45,145
14,1,C3,conv,19,11,49
14,1,C3,low,6,7,42
14,1,C2,conv,38,29,91
14,1,C2,low,11,5,32
14,1,C4,conv,12,7,18
14,1,C4,low,3,3,13
14,1,O3,conv,27,34,71
14,1,O3,low,35,29,76
14,1,A4,conv,51,44,100
14,1,A4,low,77,39,115
14,1,S2,conv,2,10,12
14,1,S2,low,0,0,0
14,1,S3,conv,0,0,0
14,1,S3,low,0,0,0
14,1,S4,conv,0,0,0
14,1,S4,low,0,0,0
14,2,O4,conv,107,50,160
14,2,O4,low,88,48,154
14,2,C3,conv,39,34,108
14,2,C3,low,19,8,71
14,2,C2,conv,73,64,161
14,2,C2,low,39,20,108
14,2,C4,conv,4,5,9
14,2,C4,low,3,9,22
14,2,O3,conv,40,29,72
14,2,O3,low,17,7,26
14,2,A4,conv,23,14,41
14,2,A4,low,82,46,134
14,2,S2,conv,2,1,8
14,2,S2,low,0,0,0
14,2,S3,conv,0,0,0
14,2,S3,low,0,0,0
14,2,S4,conv,1,0,1
14,2,S4,low,0,0,0
14,3,O4,conv,150,96,287
14,3,O4,low,67,44,145
14,3,C3,conv,12,33,124
14,3,C3,low,20,16,62
14,3,C2,conv,13,9,78
14,3,C2,low,13,8,62
14,3,C4,conv,5,3,13
14,3,C4,low,1,2,14
14,3,O3,conv,40,34,70
14,3,O3,low,36,10,45
14,3,A4,conv,29,26,59
14,3,A4,low,60,30,92
14,3,S2,conv,3,1,4
14,3,S2,low,1,5,9
14,3,S3,conv,0,0,0
14,3,S3,low,0,0,0
14,3,S4,conv,0,0,0
14,3,S4,low,0,0,0
14,4,O4,conv,80,49,127
14,4,O4,low,55,30,95
14,4,C3,conv,21,20,95
14,4,C3,low,22,21,93
14,4,C2,conv,44,54,158
14,4,C2,low,40,56,214
14,4,C4,conv,16,8,25
14,4,C4,low,10,7,25
14,4,O3,conv,44,14,65
14,4,O3,low,43,25,67
14,4,A4,conv,32,20,52
14,4,A4,low,37,10,50
14,4,S2,conv,10,3,24
14,4,S2,low,5,4,11
14,4,S3,conv,2,4,6
14,4,S3,low,0,0,0
14,4,S4,conv,2,0,3
14,4,S4,low,0,0,0
15,1,O4,conv,163,97,270
15,1,O4,low,95,28,129
15,1,C3,conv,9,8,35
15,1,C3,low,7,4,33
15,1,C2,conv,35,28,85
15,1,C2,low,7,15,46
15,1,C4,conv,0,1,4
15,1,C4,low,5,4,12
15,1,O3,conv,35,27,67
15,1,O3,low,35,22,58
15,1,A4,conv,51,41,100
15,1,A4,low,65,34,109
15,1,S2,conv,0,0,0
15,1,S2,low,3,0,1
15,1,S3,conv,0,0,0
15,1,S3,low,0,0,0
15,1,S4,conv,0,0,0
15,1,S4,low,0,0,0
15,2,O4,conv,104,41,147
15,2,O4,low,86,51,145
15,2,C3,conv,46,38,108
15,2,C3,low,27,19,95
15,2,C2,conv,74,61,156
15,2,C2,low,55,28,127
15,2,C4,conv,5,1,6
15,2,C4,low,3,1,7
15,2,O3,conv,47,32,82
15,2,O3,low,38,19,60
15,2,A4,conv,28,10,41
15,2,A4,low,74,40,126
15,2,S2,conv,0,0,0
15,2,S2,low,0,0,0
15,2,S3,conv,1,0,1
15,2,S3,low,0,0,0
15,2,S4,conv,0,1,1
15,2,S4,low,0,1,1
15,3,O4,conv,125,87,242
15,3,O4,low,66,56,145
15,3,C3,conv,4,24,98
15,3,C3,low,17,18,62
15,3,C2,conv,8,7,75
15,3,C2,low,30,25,85
15,3,C4,conv,3,3,11
15,3,C4,low,18,8,30
15,3,O3,conv,41,34,81
15,3,O3,low,58,33,101
15,3,A4,conv,37,46,89
15,3,A4,low,43,25,88
15,3,S2,conv,9,9,17
15,3,S2,low,0,0,0
15,3,S3,conv,0,0,0
15,3,S3,low,0,0,0
15,3,S4,conv,0,0,0
15,3,S4,low,0,0,0
15,4,O4,conv,69,42,117
15,4,O4,low,57,21,82
15,4,C3,conv,21,22,102
15,4,C3,low,4,5,53
15,4,C2,conv,37,52,156
15,4,C2,low,42,82,243
15,4,C4,conv,1,1,4
15,4,C4,low,3,3,10
15,4,O3,conv,53,33,89
15,4,O3,low,37,20,76
15,4,A4,conv,21,16,40
15,4,A4,low,43,21,65
15,4,S2,conv,16,6,32
15,4,S2,low,0,1,2
15,4,S3,conv,0,0,0
15,4,S3,low,10,6,17
15,4,S4,conv,0,0,0
15,4,S4,low,0,0,0
16,1,O4,conv,154,101,274
16,1,O4,low,97,47,153
16,1,C3,conv,17,11,44
16,1,C3,low,10,9,43
16,1,C2,conv,37,32,88
16,1,C2,low,23,14,59
16,1,C4,conv,0,2,3
16,1,C4,low,13,7,33
16,1,O3,conv,70,50,150
16,1,O3,low,35,18,50
16,1,A4,conv,63,50,117
16,1,A4,low,60,33,91
16,1,S2,conv,2,0,0
16,1,S2,low,5,5,10
16,1,S3,conv,0,0,0
16,1,S3,low,0,0,0
16,1,S4,conv,0,0,0
16,1,S4,low,0,0,0
16,2,O4,conv,105,55,173
16,2,O4,low,80,60,149
16,2,C3,conv,39,28,100
16,2,C3,low,35,18,88
16,2,C2,conv,78,64,161
16,2,C2,low,49,39,120
16,2,C4,conv,5,2,9
16,2,C4,low,2,4,9
16,2,O3,conv,38,25,62
16,2,O3,low,20,21,46
16,2,A4,conv,27,11,36
16,2,A4,low,76,45,123
16,2,S2,conv,0,0,0
16,2,S2,low,0,0,0
16,2,S3,conv,0,0,0
16,2,S3,low,0,1,1
16,2,S4,conv,0,0,0
16,2,S4,low,4,4,8
16,3,O4,conv,130,88,247
16,3,O4,low,62,57,156
16,3,C3,conv,2,32,111
16,3,C3,low,6,11,42
16,3,C2,conv,10,11,85
16,3,C2,low,25,20,73
16,3,C4,conv,22,18,47
16,3,C4,low,26,23,57
16,3,O3,conv,43,31,77
16,3,O3,low,38,18,55
16,3,A4,conv,25,22,49
16,3,A4,low,54,25,87
16,3,S2,conv,5,8,13
16,3,S2,low,1,1,4
16,3,S3,conv,0,0,0
16,3,S3,low,0,0,0
16,3,S4,conv,0,0,0
16,3,S4,low,0,0,0
16,4,O4,conv,93,51,151
16,4,O4,low,69,34,114
16,4,C3,conv,26,35,108
16,4,C3,low,16,15,81
16,4,C2,conv,35,48,149
16,4,C2,low,31,69,212
16,4,C4,conv,1,1,8
16,4,C4,low,10,3,21
16,4,O3,conv,32,11,55
16,4,O3,low,26,7,39
16,4,A4,conv,33,20,54
16,4,A4,low,30,13,54
16,4,S2,conv,0,0,4
16,4,S2,low,7,5,16
16,4,S3,conv,0,0,0
16,4,S3,low,0,0,0
16,4,S4,conv,3,0,4
16,4,S4,low,1,1,1
17,1,O4,conv,185,108,308
17,1,O4,low,93,55,160
17,1,C3,conv,14,9,39
17,1,C3,low,10,9,43
17,1,C2,conv,34,28,91
17,1,C2,low,8,9,37
17,1,C4,conv,5,3,11
17,1,C4,low,8,6,20
17,1,O3,conv,57,46,130
17,1,O3,low,27,16,49
17,1,A4,conv,53,41,100
17,1,A4,low,64,28,91
17,1,S2,conv,0,1,3
17,1,S2,low,1,0,1
17,1,S3,conv,0,0,1
17,1,S3,low,0,0,0
17,1,S4,conv,0,0,0
17,1,S4,low,0,0,0
17,2,O4,conv,100,57,161
17,2,O4,low,81,54,144
17,2,C3,conv,31,26,84
17,2,C3,low,23,21,84
17,2,C2,conv,77,65,166
17,2,C2,low,50,35,119
17,2,C4,conv,10,2,12
17,2,C4,low,3,3,15
17,2,O3,conv,49,29,75
17,2,O3,low,22,19,46
17,2,A4,conv,18,12,31
17,2,A4,low,78,41,130
17,2,S2,conv,2,2,8
17,2,S2,low,0,0,0
17,2,S3,conv,0,0,0
17,2,S3,low,2,0,1
17,2,S4,conv,1,1,2
17,2,S4,low,0,0,0
17,3,O4,conv,136,86,250
17,3,O4,low,77,45,145
17,3,C3,conv,5,27,112
17,3,C3,low,8,16,58
17,3,C2,conv,8,7,70
17,3,C2,low,22,21,72
17,3,C4,conv,3,3,11
17,3,C4,low,5,6,16
17,3,O3,conv,38,32,74
17,3,O3,low,41,19,60
17,3,A4,conv,34,14,53
17,3,A4,low,42,13,70
17,3,S2,conv,0,1,1
17,3,S2,low,0,0,0
17,3,S3,conv,0,0,0
17,3,S3,low,0,0,0
17,3,S4,conv,0,0,0
17,3,S4,low,0,0,0
17,4,O4,conv,80,46,129
17,4,O4,low,66,33,105
17,4,C3,conv,18,22,96
17,4,C3,low,1,7,53
17,4,C2,conv,41,47,150
17,4,C2,low,43,60,220
17,4,C4,conv,6,5,15
17,4,C4,low,20,18,40
17,4,O3,conv,62,38,117
17,4,O3,low,31,12,42
17,4,A4,conv,22,15,45
17,4,A4,low,52,25,80
17,4,S2,conv,10,7,22
17,4,S2,low,6,6,16
17,4,S3,conv,0,0,0
17,4,S3,low,0,0,0
17,4,S4,conv,0,2,4
17,4,S4,low,0,0,5
18,1,O4,conv,157,106,285
18,1,O4,low,109,37,170
18,1,C3,conv,10,11,36
18,1,C3,low,5,12,58
18,1,C2,conv,44,40,108
18,1,C2,low,12,8,33
18,1,C4,conv,8,3,18
18,1,C4,low,7,5,24
18,1,O3,conv,33,30,66
18,1,O3,low,30,20,51
18,1,A4,conv,51,45,109
18,1,A4,low,60,44,107
18,1,S2,conv,0,1,4
18,1,S2,low,0,0,0
18,1,S3,conv,2,2,15
18,1,S3,low,0,0,0
18,1,S4,conv,0,0,0
18,1,S4,low,0,0,0
18,2,O4,conv,104,43,161
18,2,O4,low,77,52,146
18,2,C3,conv,37,27,85
18,2,C3,low,22,14,65
18,2,C2,conv,73,64,156
18,2,C2,low,60,30,127
18,2,C4,conv,4,1,5
18,2,C4,low,1,8,14
18,2,O3,conv,44,28,79
18,2,O3,low,40,7,51
18,2,A4,conv,27,12,38
18,2,A4,low,74,39,119
18,2,S2,conv,0,2,2
18,2,S2,low,0,0,0
18,2,S3,conv,0,0,0
18,2,S3,low,0,0,0
18,2,S4,conv,0,0,0
18,2,S4,low,0,0,0
18,3,O4,conv,137,87,257
18,3,O4,low,80,65,168
18,3,C3,conv,15,32,115
18,3,C3,low,14,14,51
18,3,C2,conv,6,7,71
18,3,C2,low,16,12,66
18,3,C4,conv,3,3,11
18,3,C4,low,23,29,76
18,3,O3,conv,32,29,67
18,3,O3,low,32,12,47
18,3,A4,conv,26,22,50
18,3,A4,low,42,21,73
18,3,S2,conv,0,0,0
18,3,S2,low,0,0,0
18,3,S3,conv,0,0,0
18,3,S3,low,0,0,0
18,3,S4,conv,0,0,0
18,3,S4,low,0,0,0
18,4,O4,conv,78,46,142
18,4,O4,low,52,22,99
18,4,C3,conv,16,16,84
18,4,C3,low,11,14,69
18,4,C2,conv,38,41,137
18,4,C2,low,32,54,203
18,4,C4,conv,0,3,16
18,4,C4,low,14,10,34
18,4,O3,conv,35,24,73
18,4,O3,low,45,19,79
18,4,A4,conv,23,11,34
18,4,A4,low,33,9,41
18,4,S2,conv,3,16,36
18,4,S2,low,0,0,4
18,4,S3,conv,10,12,23
18,4,S3,low,0,0,0
18,4,S4,conv,0,0,0
18,4,S4,low,0,1,3
19,1,O4,conv,148,95,261
19,1,O4,low,99,44,172
19,1,C3,conv,15,11,43
19,1,C3,low,14,10,49
19,1,C2,conv,41,29,89
19,1,C2,low,15,11,49
19,1,C4,conv,2,3,6
19,1,C4,low,4,3,10
19,1,O3,conv,38,27,75
19,1,O3,low,25,23,50
19,1,A4,conv,63,38,99
19,1,A4,low,63,40,99
19,1,S2,conv,2,0,7
19,1,S2,low,1,0,1
19,1,S3,conv,0,0,0
19,1,S3,low,0,0,0
19,1,S4,conv,0,0,0
19,1,S4,low,0,0,0
19,2,O4,conv,110,49,158
19,2,O4,low,92,52,144
19,2,C3,conv,35,32,106
19,2,C3,low,32,15,86
19,2,C2,conv,73,64,156
19,2,C2,low,51,13,85
19,2,C4,conv,8,4,12
19,2,C4,low,0,2,7
19,2,O3,conv,44,31,72
19,2,O3,low,27,6,34
19,2,A4,conv,35,14,44
19,2,A4,low,100,54,157
19,2,S2,conv,0,2,2
19,2,S2,low,0,0,0
19,2,S3,conv,0,0,0
19,2,S3,low,0,0,0
19,2,S4,conv,1,1,1
19,2,S4,low,2,4,6
19,3,O4,conv,135,86,251
19,3,O4,low,76,52,151
19,3,C3,conv,3,22,96
19,3,C3,low,11,16,50
19,3,C2,conv,9,6,70
19,3,C2,low,20,19,71
19,3,C4,conv,3,3,11
19,3,C4,low,13,10,25
19,3,O3,conv,35,33,68
19,3,O3,low,33,17,61
19,3,A4,conv,35,21,57
19,3,A4,low,45,23,67
19,3,S2,conv,1,11,14
19,3,S2,low,0,1,1
19,3,S3,conv,0,0,0
19,3,S3,low,0,0,0
19,3,S4,conv,4,1,6
19,3,S4,low,0,0,0
19,4,O4,conv,75,49,124
19,4,O4,low,47,31,89
19,4,C3,conv,22,21,97
19,4,C3,low,13,13,70
19,4,C2,conv,37,44,144
19,4,C2,low,24,52,202
19,4,C4,conv,1,3,7
19,4,C4,low,13,9,25
19,4,O3,conv,31,16,77
19,4,O3,low,29,18,55
19,4,A4,conv,34,32,71
19,4,A4,low,33,8,49
19,4,S2,conv,18,9,34
19,4,S2,low,5,6,23
19,4,S3,conv,0,0,4
19,4,S3,low,0,0,0
19,4,S4,conv,0,0,0
19,4,S4,low,0,0,0
20,1,O4,conv,162,111,297
20,1,O4,low,103,40,144
20,1,C3,conv,7,8,36
20,1,C3,low,8,8,43
20,1,C2,conv,33,32,94
20,1,C2,low,28,14,56
20,1,C4,conv,6,2,12
20,1,C4,low,15,19,37
20,1,O3,conv,31,21,54
20,1,O3,low,32,22,54
20,1,A4,conv,52,36,89
20,1,A4,low,72,30,98
20,1,S2,conv,1,3,3
20,1,S2,low,0,0,0
20,1,S3,conv,0,0,0
20,1,S3,low,0,0,0
20,1,S4,conv,0,0,0
20,1,S4,low,0,0,0
20,2,O4,conv,92,41,137
20,2,O4,low,74,47,130
20,2,C3,conv,34,32,107
20,2,C3,low,30,12,84
20,2,C2,conv,72,61,157
20,2,C2,low,63,37,135
20,2,C4,conv,14,13,28
20,2,C4,low,12,3,16
20,2,O3,conv,46,24,66
20,2,O3,low,20,11,39
20,2,A4,conv,26,12,41
20,2,A4,low,85,43,128
20,2,S2,conv,1,0,1
20,2,S2,low,0,0,0
20,2,S3,conv,0,1,2
20,2,S3,low,1,0,0
20,2,S4,conv,0,0,0
20,2,S4,low,2,2,3
20,3,O4,conv,148,91,264
20,3,O4,low,84,46,166
20,3,C3,conv,13,29,115
20,3,C3,low,5,14,42
20,3,C2,conv,7,11,74
20,3,C2,low,26,19,74
20,3,C4,conv,3,5,12
20,3,C4,low,10,8,19
20,3,O3,conv,30,26,58
20,3,O3,low,35,9,47
20,3,A4,conv,23,13,35
20,3,A4,low,27,11,44
20,3,S2,conv,0,3,4
20,3,S2,low,4,3,7
20,3,S3,conv,0,0,0
20,3,S3,low,0,0,0
20,3,S4,conv,0,0,0
20,3,S4,low,0,0,0
20,4,O4,conv,79,53,143
20,4,O4,low,57,43,112
20,4,C3,conv,20,26,101
20,4,C3,low,20,16,82
20,4,C2,conv,40,50,148
20,4,C2,low,33,54,207
20,4,C4,conv,0,0,3
20,4,C4,low,11,13,39
20,4,O3,conv,39,20,81
20,4,O3,low,36,24,71
20,4,A4,conv,25,17,46
20,4,A4,low,44,15,65
20,4,S2,conv,0,1,1
20,4,S2,low,8,15,25
20,4,S3,conv,0,0,0
20,4,S3,low,0,1,1
20,4,S4,conv,0,0,0
20,4,S4,low,0,0,0
21,1,O4,conv,169,115,304
21,1,O4,low,107,40,154
21,1,C3,conv,9,13,50
21,1,C3,low,12,12,45
21,1,C2,conv,40,35,101
21,1,C2,low,14,9,51
21,1,C4,conv,2,6,10
21,1,C4,low,5,4,13
21,1,O3,conv,32,35,75
21,1,O3,low,41,28,73
21,1,A4,conv,53,44,95
21,1,A4,low,64,36,99
21,1,S2,conv,3,4,7
21,1,S2,low,1,1,2
21,1,S3,conv,0,0,0
21,1,S3,low,0,0,0
21,1,S4,conv,0,0,0
21,1,S4,low,0,0,0
21,2,O4,conv,106,43,151
21,2,O4,low,84,50,135
21,2,C3,conv,30,28,91
21,2,C3,low,27,13,85
21,2,C2,conv,73,64,159
21,2,C2,low,61,47,150
21,2,C4,conv,4,3,7
21,2,C4,low,2,2,11
21,2,O3,conv,41,28,63
21,2,O3,low,28,17,58
21,2,A4,conv,28,22,49
21,2,A4,low,86,38,130
21,2,S2,conv,0,0,0
21,2,S2,low,0,0,0
21,2,S3,conv,0,1,1
21,2,S3,low,0,0,0
21,2,S4,conv,1,0,2
21,2,S4,low,0,0,0
21,3,O4,conv,130,87,270
21,3,O4,low,63,40,136
21,3,C3,conv,6,25,102
21,3,C3,low,12,10,49
21,3,C2,conv,11,9,76
21,3,C2,low,20,16,80
21,3,C4,conv,3,3,11
21,3,C4,low,11,10,22
21,3,O3,conv,32,29,67
21,3,O3,low,24,12,36
21,3,A4,conv,31,19,52
21,3,A4,low,34,9,48
21,3,S2,conv,7,4,11
21,3,S2,low,0,6,6
21,3,S3,conv,0,0,0
21,3,S3,low,0,0,0
21,3,S4,conv,0,0,0
21,3,S4,low,0,0,0
21,4,O4,conv,72,40,113
21,4,O4,low,66,46,113
21,4,C3,conv,17,23,89
21,4,C3,low,22,12,80
21,4,C2,conv,36,47,161
21,4,C2,low,33,58,218
21,4,C4,conv,10,1,19
21,4,C4,low,13,11,28
21,4,O3,conv,42,32,79
21,4,O3,low,42,25,83
21,4,A4,conv,23,11,35
21,4,A4,low,31,6,44
21,4,S2,conv,0,4,31
21,4,S2,low,10,7,19
21,4,S3,conv,0,2,1
21,4,S3,low,1,0,1
21,4,S4,conv,0,0,0
21,4,S4,low,0,0,4
22,1,O4,conv,172,123,312
22,1,O4,low,106,48,167
22,1,C3,conv,11,13,45
22,1,C3,low,9,6,43
22,1,C2,conv,36,37,94
22,1,C2,low,7,16,44
22,1,C4,conv,2,3,5
22,1,C4,low,8,5,15
22,1,O3,conv,35,22,69
22,1,O3,low,39,36,74
22,1,A4,conv,47,42,90
22,1,A4,low,69,32,102
22,1,S2,conv,7,6,13
22,1,S2,low,0,1,1
22,1,S3,conv,0,1,1
22,1,S3,low,0,0,0
22,1,S4,conv,0,0,0
22,1,S4,low,0,0,0
22,2,O4,conv,91,47,155
22,2,O4,low,90,51,140
22,2,C3,conv,42,30,96
22,2,C3,low,31,17,79
22,2,C2,conv,73,65,157
22,2,C2,low,27,28,98
22,2,C4,conv,8,8,17
22,2,C4,low,20,10,33
22,2,O3,conv,40,41,79
22,2,O3,low,28,15,41
22,2,A4,conv,29,13,39
22,2,A4,low,97,44,141
22,2,S2,conv,0,0,0
22,2,S2,low,0,0,0
22,2,S3,conv,0,0,0
22,2,S3,low,1,0,0
22,2,S4,conv,1,2,6
22,2,S4,low,0,0,0
22,3,O4,conv,134,88,257
22,3,O4,low,66,43,138
22,3,C3,conv,3,23,109
22,3,C3,low,18,22,69
22,3,C2,conv,11,8,76
22,3,C2,low,26,24,84
22,3,C4,conv,3,3,11
22,3,C4,low,3,4,10
22,3,O3,conv,31,24,54
22,3,O3,low,29,13,44
22,3,A4,conv,39,43,94
22,3,A4,low,30,16,48
22,3,S2,conv,1,1,2
22,3,S2,low,0,0,0
22,3,S3,conv,0,0,0
22,3,S3,low,0,0,0
22,3,S4,conv,0,0,0
22,3,S4,low,0,0,0
22,4,O4,conv,91,49,137
22,4,O4,low,64,39,113
22,4,C3,conv,15,20,88
22,4,C3,low,6,16,68
22,4,C2,conv,32,47,135
22,4,C2,low,29,52,196
22,4,C4,conv,0,2,17
22,4,C4,low,6,11,25
22,4,O3,conv,41,23,97
22,4,O3,low,30,17,51
22,4,A4,conv,38,18,64
22,4,A4,low,38,10,53
22,4,S2,conv,10,7,25
22,4,S2,low,0,4,6
22,4,S3,conv,0,0,0
22,4,S3,low,0,0,0
22,4,S4,conv,0,0,0
22,4,S4,low,3,3,6
23,1,O4,conv,169,109,290
23,1,O4,low,86,36,126
23,1,C3,conv,8,12,41
23,1,C3,low,14,10,46
23,1,C2,conv,47,33,101
23,1,C2,low,23,17,75
23,1,C4,conv,10,12,23
23,1,C4,low,2,5,10
23,1,O3,conv,35,34,70
23,1,O3,low,37,27,69
23,1,A4,conv,45,36,82
23,1,A4,low,71,38,107
23,1,S2,conv,0,0,1
23,1,S2,low,0,2,5
23,1,S3,conv,0,0,0
23,1,S3,low,0,0,0
23,1,S4,conv,0,0,0
23,1,S4,low,0,0,0
23,2,O4,conv,112,52,171
23,2,O4,low,74,48,133
23,2,C3,conv,31,27,84
23,2,C3,low,26,13,88
23,2,C2,conv,73,62,160
23,2,C2,low,57,27,117
23,2,C4,conv,4,1,5
23,2,C4,low,11,3,15
23,2,O3,conv,43,46,100
23,2,O3,low,20,23,57
23,2,A4,conv,30,12,38
23,2,A4,low,70,40,119
23,2,S2,conv,2,0,4
23,2,S2,low,0,0,0
23,2,S3,conv,0,0,0
23,2,S3,low,0,0,0
23,2,S4,conv,0,0,0
23,2,S4,low,0,2,2
23,3,O4,conv,130,85,242
23,3,O4,low,93,67,183
23,3,C3,conv,3,24,100
23,3,C3,low,10,18,50
23,3,C2,conv,9,7,74
23,3,C2,low,12,12,54
23,3,C4,conv,3,3,11
23,3,C4,low,13,15,34
23,3,O3,conv,46,34,79
23,3,O3,low,29,8,40
23,3,A4,conv,36,18,54
23,3,A4,low,46,15,62
23,3,S2,conv,3,2,4
23,3,S2,low,0,3,3
23,3,S3,conv,0,0,0
23,3,S3,low,0,0,0
23,3,S4,conv,0,0,0
23,3,S4,low,0,0,0
23,4,O4,conv,68,44,112
23,4,O4,low,45,21,75
23,4,C3,conv,15,17,89
23,4,C3,low,21,24,109
23,4,C2,conv,42,46,163
23,4,C2,low,51,64,237
23,4,C4,conv,10,4,21
23,4,C4,low,10,18,35
23,4,O3,conv,40,20,69
23,4,O3,low,26,8,43
23,4,A4,conv,39,15,60
23,4,A4,low,26,11,48
23,4,S2,conv,9,7,31
23,4,S2,low,7,7,20
23,4,S3,conv,0,0,0
23,4,S3,low,0,0,0
23,4,S4,conv,0,1,1
23,4,S4,low,11,7,17
24,1,O4,conv,147,99,262
24,1,O4,low,87,32,130
24,1,C3,conv,14,11,54
24,1,C3,low,7,4,36
24,1,C2,conv,34,25,84
24,1,C2,low,6,5,29
24,1,C4,conv,6,2,9
24,1,C4,low,6,8,19
24,1,O3,conv,53,30,79
24,1,O3,low,32,19,62
24,1,A4,conv,63,44,106
24,1,A4,low,68,33,105
24,1,S2,conv,3,0,2
24,1,S2,low,2,0,2
24,1,S3,conv,0,0,0
24,1,S3,low,0,0,0
24,1,S4,conv,0,0,0
24,1,S4,low,0,0,0
24,2,O4,conv,99,40,152
24,2,O4,low,68,52,127
24,2,C3,conv,33,28,83
24,2,C3,low,42,33,113
24,2,C2,conv,74,67,166
24,2,C2,low,50,24,106
24,2,C4,conv,4,1,9
24,2,C4,low,13,5,28
24,2,O3,conv,54,35,96
24,2,O3,low,34,35,88
24,2,A4,conv,22,11,36
24,2,A4,low,80,37,116
24,2,S2,conv,2,0,8
24,2,S2,low,0,0,0
24,2,S3,conv,0,0,0
24,2,S3,low,0,0,0
24,2,S4,conv,1,0,1
24,2,S4,low,0,0,0
24,3,O4,conv,130,87,244
24,3,O4,low,88,51,173
24,3,C3,conv,5,30,115
24,3,C3,low,12,21,53
24,3,C2,conv,8,8,74
24,3,C2,low,14,14,61
24,3,C4,conv,3,3,11
24,3,C4,low,2,6,24
24,3,O3,conv,28,23,51
24,3,O3,low,32,6,36
24,3,A4,conv,24,17,41
24,3,A4,low,41,13,67
24,3,S2,conv,1,0,3
24,3,S2,low,0,7,9
24,3,S3,conv,0,0,0
24,3,S3,low,0,0,0
24,3,S4,conv,0,0,0
24,3,S4,low,0,0,0
24,4,O4,conv,84,53,145
24,4,O4,low,66,40,113
24,4,C3,conv,21,22,104
24,4,C3,low,21,12,72
24,4,C2,conv,34,44,139
24,4,C2,low,26,56,195
24,4,C4,conv,0,0,5
24,4,C4,low,13,12,35
24,4,O3,conv,67,35,120
24,4,O3,low,27,14,51
24,4,A4,conv,34,13,53
24,4,A4,low,37,12,54
24,4,S2,conv,14,24,37
24,4,S2,low,17,17,35
24,4,S3,conv,6,2,12
24,4,S3,low,0,0,0
24,4,S4,conv,0,0,0
24,4,S4,low,0,0,0