".imp","Block","Crop_ID","Corn_weed_management","Female","Male","Total"
1,"1","O4","conv",155,101,268
1,"1","O4","low",97,42,157
1,"1","C3","conv",13,14,42
1,"1","C3","low",14,6,48
1,"1","C2","conv",32,27,77
1,"1","C2","low",10,12,46
1,"1","C4","conv",2,0,2
1,"1","C4","low",6,5,16
1,"1","O3","conv",62,39,103
1,"1","O3","low",42,32,84
1,"1","A4","conv",53,38,92
1,"1","A4","low",64,33,97
1,"1","S2","conv",2,5,6
1,"1","S2","low",3,0,4
1,"1","S3","conv",0,0,0
1,"1","S3","low",0,0,0
1,"1","S4","conv",0,0,0
1,"1","S4","low",0,0,0
1,"2","O4","conv",100,45,148
1,"2","O4","low",88,83,180
1,"2","C3","conv",36,33,102
1,"2","C3","low",38,33,123
1,"2","C2","conv",72,62,160
1,"2","C2","low",50,22,103
1,"2","C4","conv",7,6,12
1,"2","C4","low",7,6,17
1,"2","O3","conv",36,27,64
1,"2","O3","low",31,15,43
1,"2","A4","conv",20,13,33
1,"2","A4","low",88,45,146
1,"2","S2","conv",0,0,0
1,"2","S2","low",0,0,0
1,"2","S3","conv",0,0,0
1,"2","S3","low",6,2,7
1,"2","S4","conv",1,2,3
1,"2","S4","low",1,0,3
1,"3","O4","conv",130,82,257
1,"3","O4","low",85,60,170
1,"3","C3","conv",7,30,108
1,"3","C3","low",18,17,56
1,"3","C2","conv",8,8,74
1,"3","C2","low",17,17,76
1,"3","C4","conv",3,3,11
1,"3","C4","low",10,10,29
1,"3","O3","conv",41,28,69
1,"3","O3","low",35,8,51
1,"3","A4","conv",43,22,65
1,"3","A4","low",49,20,74
1,"3","S2","conv",9,4,12
1,"3","S2","low",1,0,1
1,"3","S3","conv",0,0,0
1,"3","S3","low",0,0,0
1,"3","S4","conv",0,0,0
1,"3","S4","low",0,0,0
1,"4","O4","conv",85,48,135
1,"4","O4","low",87,35,117
1,"4","C3","conv",20,31,101
1,"4","C3","low",7,12,64
1,"4","C2","conv",34,42,132
1,"4","C2","low",28,56,222
1,"4","C4","conv",4,1,7
1,"4","C4","low",2,1,15
1,"4","O3","conv",32,22,74
1,"4","O3","low",47,23,81
1,"4","A4","conv",23,11,40
1,"4","A4","low",31,9,50
1,"4","S2","conv",9,11,20
1,"4","S2","low",6,6,16
1,"4","S3","conv",0,2,2
1,"4","S3","low",0,0,0
1,"4","S4","conv",0,0,0
1,"4","S4","low",0,0,0
2,"1","O4","conv",162,98,283
2,"1","O4","low",105,42,159
2,"1","C3","conv",11,9,36
2,"1","C3","low",10,12,49
2,"1","C2","conv",41,31,95
2,"1","C2","low",12,8,40
2,"1","C4","conv",0,0,2
2,"1","C4","low",4,12,21
2,"1","O3","conv",38,25,61
2,"1","O3","low",43,35,82
2,"1","A4","conv",55,37,94
2,"1","A4","low",64,29,98
2,"1","S2","conv",0,0,0
2,"1","S2","low",0,2,2
2,"1","S3","conv",0,0,0
2,"1","S3","low",0,0,0
2,"1","S4","conv",0,0,0
2,"1","S4","low",0,0,0
2,"2","O4","conv",130,43,167
2,"2","O4","low",81,62,145
2,"2","C3","conv",31,29,94
2,"2","C3","low",21,13,70
2,"2","C2","conv",74,63,162
2,"2","C2","low",63,22,133
2,"2","C4","conv",5,7,12
2,"2","C4","low",3,11,24
2,"2","O3","conv",44,27,75
2,"2","O3","low",14,6,30
2,"2","A4","conv",18,10,29
2,"2","A4","low",80,41,128
2,"2","S2","conv",0,0,0
2,"2","S2","low",0,0,0
2,"2","S3","conv",0,0,0
2,"2","S3","low",0,0,0
2,"2","S4","conv",0,0,0
2,"2","S4","low",0,1,2
2,"3","O4","conv",137,90,254
2,"3","O4","low",84,55,167
2,"3","C3","conv",5,25,99
2,"3","C3","low",10,10,40
2,"3","C2","conv",10,6,73
2,"3","C2","low",15,10,68
2,"3","C4","conv",3,3,11
2,"3","C4","low",1,6,9
2,"3","O3","conv",45,30,81
2,"3","O3","low",31,10,48
2,"3","A4","conv",33,18,69
2,"3","A4","low",41,14,67
2,"3","S2","conv",5,5,15
2,"3","S2","low",0,2,3
2,"3","S3","conv",0,0,0
2,"3","S3","low",0,0,0
2,"3","S4","conv",0,0,2
2,"3","S4","low",0,0,0
2,"4","O4","conv",95,56,163
2,"4","O4","low",61,27,97
2,"4","C3","conv",15,25,91
2,"4","C3","low",13,12,68
2,"4","C2","conv",34,45,146
2,"4","C2","low",29,60,214
2,"4","C4","conv",4,3,8
2,"4","C4","low",11,10,21
2,"4","O3","conv",44,27,86
2,"4","O3","low",18,12,34
2,"4","A4","conv",23,11,41
2,"4","A4","low",43,13,63
2,"4","S2","conv",24,19,60
2,"4","S2","low",8,1,6
2,"4","S3","conv",0,0,0
2,"4","S3","low",0,0,0
2,"4","S4","conv",0,0,0
2,"4","S4","low",0,0,0
3,"1","O4","conv",177,100,287
3,"1","O4","low",109,53,177
3,"1","C3","conv",7,11,34
3,"1","C3","low",7,6,45
3,"1","C2","conv",36,27,80
3,"1","C2","low",8,4,27
3,"1","C4","conv",6,4,11
3,"1","C4","low",4,3,10
3,"1","O3","conv",52,46,133
3,"1","O3","low",43,35,75
3,"1","A4","conv",49,37,87
3,"1","A4","low",73,36,105
3,"1","S2","conv",4,14,22
3,"1","S2","low",1,0,4
3,"1","S3","conv",1,1,8
3,"1","S3","low",0,0,0
3,"1","S4","conv",0,0,0
3,"1","S4","low",0,0,0
3,"2","O4","conv",96,44,141
3,"2","O4","low",71,50,136
3,"2","C3","conv",31,25,84
3,"2","C3","low",26,19,90
3,"2","C2","conv",73,64,164
3,"2","C2","low",41,23,98
3,"2","C4","conv",6,6,13
3,"2","C4","low",18,10,33
3,"2","O3","conv",33,29,64
3,"2","O3","low",27,17,38
3,"2","A4","conv",23,8,32
3,"2","A4","low",82,45,135
3,"2","S2","conv",1,1,9
3,"2","S2","low",0,0,0
3,"2","S3","conv",0,0,0
3,"2","S3","low",0,0,0
3,"2","S4","conv",0,0,0
3,"2","S4","low",0,0,1
3,"3","O4","conv",127,83,241
3,"3","O4","low",76,60,166
3,"3","C3","conv",15,30,114
3,"3","C3","low",9,9,42
3,"3","C2","conv",6,6,72
3,"3","C2","low",26,28,98
3,"3","C4","conv",6,4,16
3,"3","C4","low",16,9,42
3,"3","O3","conv",28,26,55
3,"3","O3","low",36,17,51
3,"3","A4","conv",28,16,48
3,"3","A4","low",35,15,51
3,"3","S2","conv",2,1,3
3,"3","S2","low",2,2,5
3,"3","S3","conv",0,0,0
3,"3","S3","low",0,0,0
3,"3","S4","conv",0,0,0
3,"3","S4","low",0,0,0
3,"4","O4","conv",77,44,120
3,"4","O4","low",81,53,160
3,"4","C3","conv",21,26,95
3,"4","C3","low",14,10,62
3,"4","C2","conv",35,41,140
3,"4","C2","low",24,50,196
3,"4","C4","conv",6,2,24
3,"4","C4","low",2,3,20
3,"4","O3","conv",45,35,125
3,"4","O3","low",30,16,53
3,"4","A4","conv",34,19,53
3,"4","A4","low",36,16,68
3,"4","S2","conv",5,0,8
3,"4","S2","low",1,1,1
3,"4","S3","conv",0,0,0
3,"4","S3","low",0,0,0
3,"4","S4","conv",0,0,0
3,"4","S4","low",4,3,7
4,"1","O4","conv",167,103,287
4,"1","O4","low",107,56,172
4,"1","C3","conv",9,9,38
4,"1","C3","low",11,5,47
4,"1","C2","conv",44,34,98
4,"1","C2","low",9,8,36
4,"1","C4","conv",1,1,3
4,"1","C4","low",5,7,27
4,"1","O3","conv",45,25,68
4,"1","O3","low",49,34,83
4,"1","A4","conv",69,54,134
4,"1","A4","low",58,30,98
4,"1","S2","conv",0,0,0
4,"1","S2","low",11,6,16
4,"1","S3","conv",1,0,1
4,"1","S3","low",0,0,0
4,"1","S4","conv",0,0,0
4,"1","S4","low",0,0,0
4,"2","O4","conv",97,42,136
4,"2","O4","low",106,62,182
4,"2","C3","conv",32,24,84
4,"2","C3","low",20,10,64
4,"2","C2","conv",76,65,163
4,"2","C2","low",51,21,100
4,"2","C4","conv",11,3,12
4,"2","C4","low",4,6,14
4,"2","O3","conv",45,35,83
4,"2","O3","low",36,17,48
4,"2","A4","conv",24,8,46
4,"2","A4","low",98,46,144
4,"2","S2","conv",0,1,2
4,"2","S2","low",0,0,0
4,"2","S3","conv",0,0,0
4,"2","S3","low",0,0,0
4,"2","S4","conv",0,0,0
4,"2","S4","low",1,0,6
4,"3","O4","conv",130,85,242
4,"3","O4","low",66,43,153
4,"3","C3","conv",6,26,107
4,"3","C3","low",6,16,51
4,"3","C2","conv",10,11,79
4,"3","C2","low",14,13,65
4,"3","C4","conv",3,3,11
4,"3","C4","low",4,15,20
4,"3","O3","conv",35,28,66
4,"3","O3","low",32,11,41
4,"3","A4","conv",33,17,48
4,"3","A4","low",46,31,91
4,"3","S2","conv",6,6,11
4,"3","S2","low",0,0,2
4,"3","S3","conv",0,0,0
4,"3","S3","low",0,0,0
4,"3","S4","conv",0,1,1
4,"3","S4","low",0,0,0
4,"4","O4","conv",83,53,144
4,"4","O4","low",62,25,104
4,"4","C3","conv",14,17,79
4,"4","C3","low",11,20,82
4,"4","C2","conv",38,44,138
4,"4","C2","low",22,55,189
4,"4","C4","conv",7,11,21
4,"4","C4","low",1,4,15
4,"4","O3","conv",33,22,61
4,"4","O3","low",23,13,47
4,"4","A4","conv",49,33,85
4,"4","A4","low",32,15,56
4,"4","S2","conv",16,6,23
4,"4","S2","low",7,5,12
4,"4","S3","conv",0,0,0
4,"4","S3","low",4,2,5
4,"4","S4","conv",0,0,0
4,"4","S4","low",2,2,4
5,"1","O4","conv",163,105,298
5,"1","O4","low",84,38,139
5,"1","C3","conv",9,11,39
5,"1","C3","low",11,9,43
5,"1","C2","conv",41,32,88
5,"1","C2","low",7,5,28
5,"1","C4","conv",2,0,3
5,"1","C4","low",5,5,13
5,"1","O3","conv",31,35,77
5,"1","O3","low",35,33,66
5,"1","A4","conv",54,49,111
5,"1","A4","low",77,37,113
5,"1","S2","conv",3,5,9
5,"1","S2","low",0,0,0
5,"1","S3","conv",0,0,0
5,"1","S3","low",0,0,0
5,"1","S4","conv",0,0,0
5,"1","S4","low",0,0,0
5,"2","O4","conv",102,49,157
5,"2","O4","low",85,58,172
5,"2","C3","conv",38,26,84
5,"2","C3","low",22,13,69
5,"2","C2","conv",75,63,160
5,"2","C2","low",45,41,96
5,"2","C4","conv",14,6,22
5,"2","C4","low",3,2,9
5,"2","O3","conv",36,22,54
5,"2","O3","low",12,16,57
5,"2","A4","conv",24,16,42
5,"2","A4","low",86,43,126
5,"2","S2","conv",1,0,0
5,"2","S2","low",0,0,0
5,"2","S3","conv",0,1,1
5,"2","S3","low",0,0,0
5,"2","S4","conv",2,0,2
5,"2","S4","low",1,5,7
5,"3","O4","conv",150,93,273
5,"3","O4","low",60,44,127
5,"3","C3","conv",16,42,128
5,"3","C3","low",12,21,66
5,"3","C2","conv",10,11,81
5,"3","C2","low",30,27,90
5,"3","C4","conv",3,3,11
5,"3","C4","low",20,17,36
5,"3","O3","conv",28,25,53
5,"3","O3","low",31,9,46
5,"3","A4","conv",46,47,86
5,"3","A4","low",48,24,72
5,"3","S2","conv",1,0,1
5,"3","S2","low",0,1,1
5,"3","S3","conv",0,0,0
5,"3","S3","low",0,0,0
5,"3","S4","conv",0,0,0
5,"3","S4","low",0,0,0
5,"4","O4","conv",73,39,119
5,"4","O4","low",71,33,105
5,"4","C3","conv",13,24,91
5,"4","C3","low",12,14,63
5,"4","C2","conv",37,58,159
5,"4","C2","low",28,52,205
5,"4","C4","conv",4,9,14
5,"4","C4","low",3,8,33
5,"4","O3","conv",46,40,111
5,"4","O3","low",36,11,45
5,"4","A4","conv",33,11,45
5,"4","A4","low",38,17,62
5,"4","S2","conv",16,9,34
5,"4","S2","low",20,9,29
5,"4","S3","conv",0,0,0
5,"4","S3","low",0,0,0
5,"4","S4","conv",0,2,3
5,"4","S4","low",0,0,0
6,"1","O4","conv",174,102,289
6,"1","O4","low",89,30,116
6,"1","C3","conv",16,14,62
6,"1","C3","low",23,17,64
6,"1","C2","conv",37,26,88
6,"1","C2","low",29,16,93
6,"1","C4","conv",8,3,10
6,"1","C4","low",6,9,18
6,"1","O3","conv",46,35,91
6,"1","O3","low",42,18,65
6,"1","A4","conv",48,41,92
6,"1","A4","low",64,35,100
6,"1","S2","conv",1,0,1
6,"1","S2","low",0,6,7
6,"1","S3","conv",0,0,0
6,"1","S3","low",0,0,0
6,"1","S4","conv",0,0,0
6,"1","S4","low",0,0,0
6,"2","O4","conv",108,50,153
6,"2","O4","low",73,47,126
6,"2","C3","conv",58,35,124
6,"2","C3","low",19,14,66
6,"2","C2","conv",75,65,162
6,"2","C2","low",48,32,116
6,"2","C4","conv",4,6,12
6,"2","C4","low",10,5,24
6,"2","O3","conv",41,35,80
6,"2","O3","low",32,15,58
6,"2","A4","conv",23,14,36
6,"2","A4","low",73,41,118
6,"2","S2","conv",1,2,6
6,"2","S2","low",0,0,0
6,"2","S3","conv",0,0,0
6,"2","S3","low",0,0,0
6,"2","S4","conv",0,0,0
6,"2","S4","low",0,0,0
6,"3","O4","conv",139,98,268
6,"3","O4","low",69,41,149
6,"3","C3","conv",7,25,101
6,"3","C3","low",9,12,57
6,"3","C2","conv",10,9,87
6,"3","C2","low",13,14,73
6,"3","C4","conv",3,3,11
6,"3","C4","low",10,17,28
6,"3","O3","conv",31,29,62
6,"3","O3","low",33,15,61
6,"3","A4","conv",36,27,66
6,"3","A4","low",52,21,76
6,"3","S2","conv",0,0,2
6,"3","S2","low",0,0,0
6,"3","S3","conv",0,0,0
6,"3","S3","low",0,0,0
6,"3","S4","conv",1,0,0
6,"3","S4","low",0,0,0
6,"4","O4","conv",92,53,148
6,"4","O4","low",71,30,111
6,"4","C3","conv",19,19,92
6,"4","C3","low",8,6,51
6,"4","C2","conv",54,66,182
6,"4","C2","low",26,57,194
6,"4","C4","conv",5,6,20
6,"4","C4","low",9,7,19
6,"4","O3","conv",30,35,84
6,"4","O3","low",22,21,66
6,"4","A4","conv",49,26,93
6,"4","A4","low",44,13,67
6,"4","S2","conv",5,4,12
6,"4","S2","low",5,2,7
6,"4","S3","conv",0,0,0
6,"4","S3","low",0,0,0
6,"4","S4","conv",0,0,0
6,"4","S4","low",0,0,0
7,"1","O4","conv",177,119,309
7,"1","O4","low",105,41,155
7,"1","C3","conv",9,8,34
7,"1","C3","low",7,5,41
7,"1","C2","conv",34,25,74
7,"1","C2","low",30,18,56
7,"1","C4","conv",1,4,8
7,"1","C4","low",2,5,12
7,"1","O3","conv",34,34,67
7,"1","O3","low",39,22,59
7,"1","A4","conv",50,35,86
7,"1","A4","low",65,35,99
7,"1","S2","conv",1,0,1
7,"1","S2","low",0,0,0
7,"1","S3","conv",0,0,0
7,"1","S3","low",0,0,0
7,"1","S4","conv",0,0,0
7,"1","S4","low",0,0,0
7,"2","O4","conv",101,43,143
7,"2","O4","low",86,48,139
7,"2","C3","conv",33,26,90
7,"2","C3","low",25,13,86
7,"2","C2","conv",72,61,153
7,"2","C2","low",42,22,111
7,"2","C4","conv",5,3,10
7,"2","C4","low",2,1,20
7,"2","O3","conv",56,36,88
7,"2","O3","low",22,11,39
7,"2","A4","conv",24,8,30
7,"2","A4","low",73,44,129
7,"2","S2","conv",0,1,1
7,"2","S2","low",0,0,0
7,"2","S3","conv",0,0,0
7,"2","S3","low",0,0,0
7,"2","S4","conv",0,0,0
7,"2","S4","low",5,4,8
7,"3","O4","conv",135,100,277
7,"3","O4","low",77,44,145
7,"3","C3","conv",7,26,114
7,"3","C3","low",12,17,52
7,"3","C2","conv",12,9,81
7,"3","C2","low",28,18,90
7,"3","C4","conv",3,3,11
7,"3","C4","low",7,2,9
7,"3","O3","conv",31,24,61
7,"3","O3","low",45,21,64
7,"3","A4","conv",30,16,48
7,"3","A4","low",44,16,75
7,"3","S2","conv",0,0,0
7,"3","S2","low",0,1,1
7,"3","S3","conv",0,0,0
7,"3","S3","low",0,0,0
7,"3","S4","conv",5,3,7
7,"3","S4","low",0,0,0
7,"4","O4","conv",76,46,126
7,"4","O4","low",75,32,113
7,"4","C3","conv",14,22,96
7,"4","C3","low",14,10,73
7,"4","C2","conv",44,56,158
7,"4","C2","low",28,60,200
7,"4","C4","conv",4,10,22
7,"4","C4","low",0,1,8
7,"4","O3","conv",51,27,86
7,"4","O3","low",30,14,52
7,"4","A4","conv",28,15,62
7,"4","A4","low",33,15,55
7,"4","S2","conv",4,6,7
7,"4","S2","low",4,6,13
7,"4","S3","conv",0,0,0
7,"4","S3","low",0,0,0
7,"4","S4","conv",0,0,0
7,"4","S4","low",0,1,1
8,"1","O4","conv",149,100,271
8,"1","O4","low",103,41,144
8,"1","C3","conv",9,11,38
8,"1","C3","low",7,9,40
8,"1","C2","conv",35,36,92
8,"1","C2","low",10,5,34
8,"1","C4","conv",5,2,15
8,"1","C4","low",4,4,10
8,"1","O3","conv",42,23,62
8,"1","O3","low",35,25,67
8,"1","A4","conv",64,50,113
8,"1","A4","low",76,37,114
8,"1","S2","conv",1,0,1
8,"1","S2","low",0,0,0
8,"1","S3","conv",0,0,0
8,"1","S3","low",0,0,0
8,"1","S4","conv",0,0,0
8,"1","S4","low",0,0,0
8,"2","O4","conv",124,46,185
8,"2","O4","low",106,58,160
8,"2","C3","conv",32,26,89
8,"2","C3","low",17,10,76
8,"2","C2","conv",74,62,161
8,"2","C2","low",32,34,104
8,"2","C4","conv",4,1,7
8,"2","C4","low",3,1,16
8,"2","O3","conv",38,25,65
8,"2","O3","low",31,24,57
8,"2","A4","conv",26,15,39
8,"2","A4","low",86,47,135
8,"2","S2","conv",0,12,15
8,"2","S2","low",0,0,0
8,"2","S3","conv",7,2,8
8,"2","S3","low",0,0,0
8,"2","S4","conv",1,0,1
8,"2","S4","low",2,0,2
8,"3","O4","conv",135,88,267
8,"3","O4","low",81,62,169
8,"3","C3","conv",5,25,103
8,"3","C3","low",8,15,53
8,"3","C2","conv",17,11,82
8,"3","C2","low",31,23,118
8,"3","C4","conv",3,3,12
8,"3","C4","low",9,6,30
8,"3","O3","conv",36,29,65
8,"3","O3","low",33,18,52
8,"3","A4","conv",25,16,40
8,"3","A4","low",41,15,65
8,"3","S2","conv",0,0,0
8,"3","S2","low",0,1,1
8,"3","S3","conv",0,0,0
8,"3","S3","low",0,0,0
8,"3","S4","conv",0,0,4
8,"3","S4","low",0,0,0
8,"4","O4","conv",72,40,123
8,"4","O4","low",52,28,111
8,"4","C3","conv",14,18,91
8,"4","C3","low",30,21,100
8,"4","C2","conv",39,44,143
8,"4","C2","low",23,50,189
8,"4","C4","conv",3,1,10
8,"4","C4","low",5,12,22
8,"4","O3","conv",33,33,93
8,"4","O3","low",25,10,41
8,"4","A4","conv",44,18,68
8,"4","A4","low",40,13,56
8,"4","S2","conv",3,1,6
8,"4","S2","low",0,0,8
8,"4","S3","conv",0,0,0
8,"4","S3","low",0,0,0
8,"4","S4","conv",0,0,0
8,"4","S4","low",2,0,2
9,"1","O4","conv",173,109,304
9,"1","O4","low",106,35,145
9,"1","C3","conv",11,14,42
9,"1","C3","low",7,8,43
9,"1","C2","conv",33,26,74
9,"1","C2","low",13,5,32
9,"1","C4","conv",6,3,8
9,"1","C4","low",2,6,13
9,"1","O3","conv",50,28,76
9,"1","O3","low",32,26,60
9,"1","A4","conv",50,40,89
9,"1","A4","low",62,36,96
9,"1","S2","conv",0,0,0
9,"1","S2","low",0,0,0
9,"1","S3","conv",0,1,1
9,"1","S3","low",0,0,0
9,"1","S4","conv",0,0,0
9,"1","S4","low",0,0,0
9,"2","O4","conv",91,42,137
9,"2","O4","low",74,69,158
9,"2","C3","conv",30,26,89
9,"2","C3","low",16,10,79
9,"2","C2","conv",74,63,161
9,"2","C2","low",47,15,90
9,"2","C4","conv",4,6,10
9,"2","C4","low",13,9,24
9,"2","O3","conv",41,27,67
9,"2","O3","low",22,8,29
9,"2","A4","conv",34,13,43
9,"2","A4","low",79,42,127
9,"2","S2","conv",1,2,3
9,"2","S2","low",0,0,0
9,"2","S3","conv",1,0,1
9,"2","S3","low",0,0,2
9,"2","S4","conv",0,0,0
9,"2","S4","low",0,1,1
9,"3","O4","conv",144,84,254
9,"3","O4","low",64,50,137
9,"3","C3","conv",2,22,95
9,"3","C3","low",14,16,47
9,"3","C2","conv",8,9,72
9,"3","C2","low",10,10,53
9,"3","C4","conv",3,3,11
9,"3","C4","low",1,2,7
9,"3","O3","conv",42,33,75
9,"3","O3","low",54,18,83
9,"3","A4","conv",35,14,54
9,"3","A4","low",48,16,65
9,"3","S2","conv",0,1,1
9,"3","S2","low",0,0,0
9,"3","S3","conv",0,0,0
9,"3","S3","low",0,0,0
9,"3","S4","conv",0,0,0
9,"3","S4","low",0,0,0
9,"4","O4","conv",74,52,130
9,"4","O4","low",54,27,83
9,"4","C3","conv",20,28,96
9,"4","C3","low",3,7,56
9,"4","C2","conv",36,45,140
9,"4","C2","low",28,54,194
9,"4","C4","conv",3,1,5
9,"4","C4","low",13,12,21
9,"4","O3","conv",23,37,75
9,"4","O3","low",32,27,68
9,"4","A4","conv",30,17,50
9,"4","A4","low",37,8,41
9,"4","S2","conv",7,11,18
9,"4","S2","low",3,1,5
9,"4","S3","conv",0,0,0
9,"4","S3","low",0,0,1
9,"4","S4","conv",0,0,0
9,"4","S4","low",0,0,1
10,"1","O4","conv",179,115,310
10,"1","O4","low",120,45,168
10,"1","C3","conv",14,12,49
10,"1","C3","low",27,20,81
10,"1","C2","conv",40,31,100
10,"1","C2","low",32,16,58
10,"1","C4","conv",2,4,9
10,"1","C4","low",11,8,23
10,"1","O3","conv",35,29,66
10,"1","O3","low",36,17,53
10,"1","A4","conv",61,65,136
10,"1","A4","low",69,34,99
10,"1","S2","conv",2,0,1
10,"1","S2","low",0,0,2
10,"1","S3","conv",1,0,1
10,"1","S3","low",0,0,0
10,"1","S4","conv",0,0,0
10,"1","S4","low",0,0,0
10,"2","O4","conv",93,49,149
10,"2","O4","low",84,60,141
10,"2","C3","conv",33,27,81
10,"2","C3","low",26,11,66
10,"2","C2","conv",80,71,175
10,"2","C2","low",61,39,130
10,"2","C4","conv",8,1,9
10,"2","C4","low",21,14,32
10,"2","O3","conv",38,28,73
10,"2","O3","low",27,27,51
10,"2","A4","conv",27,13,39
10,"2","A4","low",83,52,135
10,"2","S2","conv",0,1,1
10,"2","S2","low",0,0,0
10,"2","S3","conv",0,0,0
10,"2","S3","low",0,0,0
10,"2","S4","conv",0,0,0
10,"2","S4","low",0,0,0
10,"3","O4","conv",134,84,245
10,"3","O4","low",70,57,161
10,"3","C3","conv",11,27,105
10,"3","C3","low",11,17,63
10,"3","C2","conv",10,8,82
10,"3","C2","low",20,20,72
10,"3","C4","conv",3,3,11
10,"3","C4","low",3,2,13
10,"3","O3","conv",28,29,58
10,"3","O3","low",29,26,63
10,"3","A4","conv",55,30,86
10,"3","A4","low",30,14,47
10,"3","S2","conv",1,0,1
10,"3","S2","low",0,0,0
10,"3","S3","conv",0,0,0
10,"3","S3","low",0,0,0
10,"3","S4","conv",0,0,0
10,"3","S4","low",0,0,0
10,"4","O4","conv",87,49,140
10,"4","O4","low",59,28,87
10,"4","C3","conv",20,21,99
10,"4","C3","low",3,9,62
10,"4","C2","conv",35,42,154
10,"4","C2","low",26,53,200
10,"4","C4","conv",5,0,12
10,"4","C4","low",3,2,11
10,"4","O3","conv",34,25,70
10,"4","O3","low",30,18,67
10,"4","A4","conv",33,23,64
10,"4","A4","low",35,8,42
10,"4","S2","conv",14,8,31
10,"4","S2","low",11,3,19
10,"4","S3","conv",0,0,0
10,"4","S3","low",6,2,8
10,"4","S4","conv",0,0,0
10,"4","S4","low",0,0,0
11,"1","O4","conv",163,104,291
11,"1","O4","low",95,39,140
11,"1","C3","conv",18,17,50
11,"1","C3","low",9,4,39
11,"1","C2","conv",42,31,89
11,"1","C2","low",16,14,44
11,"1","C4","conv",3,0,4
11,"1","C4","low",6,7,17
11,"1","O3","conv",31,28,70
11,"1","O3","low",42,46,103
11,"1","A4","conv",50,42,95
11,"1","A4","low",70,32,110
11,"1","S2","conv",0,0,0
11,"1","S2","low",1,1,1
11,"1","S3","conv",0,0,0
11,"1","S3","low",0,0,0
11,"1","S4","conv",0,0,0
11,"1","S4","low",0,0,0
11,"2","O4","conv",105,49,163
11,"2","O4","low",106,66,201
11,"2","C3","conv",35,27,88
11,"2","C3","low",44,25,104
11,"2","C2","conv",72,62,153
11,"2","C2","low",35,24,86
11,"2","C4","conv",5,1,9
11,"2","C4","low",6,4,18
11,"2","O3","conv",38,26,62
11,"2","O3","low",15,8,22
11,"2","A4","conv",28,12,41
11,"2","A4","low",94,45,148
11,"2","S2","conv",0,1,1
11,"2","S2","low",0,0,0
11,"2","S3","conv",1,0,1
11,"2","S3","low",1,0,1
11,"2","S4","conv",2,4,7
11,"2","S4","low",0,0,0
11,"3","O4","conv",159,94,285
11,"3","O4","low",68,49,146
11,"3","C3","conv",6,26,103
11,"3","C3","low",8,17,49
11,"3","C2","conv",12,13,97
11,"3","C2","low",14,14,67
11,"3","C4","conv",3,3,11
11,"3","C4","low",2,3,38
11,"3","O3","conv",40,40,87
11,"3","O3","low",32,15,54
11,"3","A4","conv",26,22,63
11,"3","A4","low",34,20,61
11,"3","S2","conv",5,1,5
11,"3","S2","low",0,0,0
11,"3","S3","conv",0,0,0
11,"3","S3","low",0,0,0
11,"3","S4","conv",0,0,0
11,"3","S4","low",0,0,0
11,"4","O4","conv",78,42,122
11,"4","O4","low",59,21,82
11,"4","C3","conv",24,25,104
11,"4","C3","low",7,8,57
11,"4","C2","conv",34,42,140
11,"4","C2","low",18,52,187
11,"4","C4","conv",0,0,13
11,"4","C4","low",10,6,23
11,"4","O3","conv",26,15,66
11,"4","O3","low",33,16,54
11,"4","A4","conv",41,14,73
11,"4","A4","low",34,18,60
11,"4","S2","conv",1,2,13
11,"4","S2","low",9,6,15
11,"4","S3","conv",0,0,0
11,"4","S3","low",0,1,1
11,"4","S4","conv",0,0,0
11,"4","S4","low",0,0,0
12,"1","O4","conv",156,100,278
12,"1","O4","low",113,38,163
12,"1","C3","conv",11,11,41
12,"1","C3","low",25,17,62
12,"1","C2","conv",42,33,98
12,"1","C2","low",5,3,21
12,"1","C4","conv",0,0,1
12,"1","C4","low",3,4,12
12,"1","O3","conv",43,28,71
12,"1","O3","low",48,29,107
12,"1","A4","conv",45,35,84
12,"1","A4","low",65,38,110
12,"1","S2","conv",1,1,3
12,"1","S2","low",2,12,13
12,"1","S3","conv",0,0,0
12,"1","S3","low",0,0,0
12,"1","S4","conv",0,0,0
12,"1","S4","low",0,0,0
12,"2","O4","conv",108,51,170
12,"2","O4","low",80,46,138
12,"2","C3","conv",32,27,90
12,"2","C3","low",19,10,63
12,"2","C2","conv",74,66,160
12,"2","C2","low",49,20,98
12,"2","C4","conv",5,2,7
12,"2","C4","low",7,4,13
12,"2","O3","conv",53,43,99
12,"2","O3","low",32,29,64
12,"2","A4","conv",23,10,31
12,"2","A4","low",81,40,122
12,"2","S2","conv",0,0,0
12,"2","S2","low",0,0,0
12,"2","S3","conv",6,3,9
12,"2","S3","low",0,0,0
12,"2","S4","conv",0,0,0
12,"2","S4","low",0,0,0
12,"3","O4","conv",139,89,263
12,"3","O4","low",81,68,172
12,"3","C3","conv",5,36,117
12,"3","C3","low",22,19,75
12,"3","C2","conv",6,7,70
12,"3","C2","low",34,20,75
12,"3","C4","conv",3,3,11
12,"3","C4","low",11,7,21
12,"3","O3","conv",41,27,69
12,"3","O3","low",36,18,53
12,"3","A4","conv",35,16,73
12,"3","A4","low",39,17,71
12,"3","S2","conv",2,3,6
12,"3","S2","low",5,2,5
12,"3","S3","conv",0,0,0
12,"3","S3","low",0,0,0
12,"3","S4","conv",0,0,0
12,"3","S4","low",0,0,0
12,"4","O4","conv",77,46,124
12,"4","O4","low",55,30,91
12,"4","C3","conv",17,14,98
12,"4","C3","low",6,11,63
12,"4","C2","conv",35,47,142
12,"4","C2","low",18,49,188
12,"4","C4","conv",1,4,10
12,"4","C4","low",6,2,16
12,"4","O3","conv",66,33,122
12,"4","O3","low",26,11,47
12,"4","A4","conv",25,15,63
12,"4","A4","low",42,10,57
12,"4","S2","conv",18,11,27
12,"4","S2","low",7,5,10
12,"4","S3","conv",0,0,0
12,"4","S3","low",0,0,0
12,"4","S4","conv",0,0,0
12,"4","S4","low",1,1,1
13,"1","O4","conv",150,101,265
13,"1","O4","low",124,62,198
13,"1","C3","conv",10,9,44
13,"1","C3","low",15,12,63
13,"1","C2","conv",41,28,88
13,"1","C2","low",11,10,41
13,"1","C4","conv",1,1,3
13,"1","C4","low",4,3,13
13,"1","O3","conv",33,30,61
13,"1","O3","low",47,35,85
13,"1","A4","conv",68,46,109
13,"1","A4","low",68,34,112
13,"1","S2","conv",0,2,2
13,"1","S2","low",0,1,3
13,"1","S3","conv",0,0,0
13,"1","S3","low",0,0,0
13,"1","S4","conv",0,0,0
13,"1","S4","low",0,0,0
13,"2","O4","conv",93,46,143
13,"2","O4","low",87,52,140
13,"2","C3","conv",33,29,91
13,"2","C3","low",18,15,80
13,"2","C2","conv",75,63,157
13,"2","C2","low",59,30,127
13,"2","C4","conv",8,5,12
13,"2","C4","low",0,2,6
13,"2","O3","conv",53,36,89
13,"2","O3","low",31,25,63
13,"2","A4","conv",22,13,37
13,"2","A4","low",78,38,128
13,"2","S2","conv",0,1,1
13,"2","S2","low",0,0,0
13,"2","S3","conv",0,0,0
13,"2","S3","low",0,0,0
13,"2","S4","conv",0,0,0
13,"2","S4","low",0,1,1
13,"3","O4","conv",123,81,233
13,"3","O4","low",68,54,152
13,"3","C3","conv",5,26,105
13,"3","C3","low",13,11,48
13,"3","C2","conv",10,6,70
13,"3","C2","low",28,20,77
13,"3","C4","conv",3,3,11
13,"3","C4","low",7,9,24
13,"3","O3","conv",33,24,62
13,"3","O3","low",41,34,91
13,"3","A4","conv",24,15,46
13,"3","A4","low",39,19,62
13,"3","S2","conv",3,4,7
13,"3","S2","low",2,2,4
13,"3","S3","conv",0,0,0
13,"3","S3","low",0,0,0
13,"3","S4","conv",0,0,2
13,"3","S4","low",0,0,0
13,"4","O4","conv",75,46,140
13,"4","O4","low",52,24,80
13,"4","C3","conv",19,17,89
13,"4","C3","low",26,27,92
13,"4","C2","conv",39,48,137
13,"4","C2","low",19,55,193
13,"4","C4","conv",9,12,21
13,"4","C4","low",5,4,16
13,"4","O3","conv",53,22,85
13,"4","O3","low",32,12,48
13,"4","A4","conv",24,13,44
13,"4","A4","low",36,10,58
13,"4","S2","conv",6,4,23
13,"4","S2","low",0,0,3
13,"4","S3","conv",0,0,0
13,"4","S3","low",0,0,0
13,"4","S4","conv",0,0,0
13,"4","S4","low",0,0,0
14,"1","O4","conv",162,95,273
14,"1","O4","low",84,46,147
14,"1","C3","conv",11,10,40
14,"1","C3","low",14,8,44
14,"1","C2","conv",33,27,76
14,"1","C2","low",19,6,33
14,"1","C4","conv",3,2,5
14,"1","C4","low",5,3,10
14,"1","O3","conv",37,31,71
14,"1","O3","low",28,18,55
14,"1","A4","conv",51,36,84
14,"1","A4","low",84,40,121
14,"1","S2","conv",0,0,0
14,"1","S2","low",1,3,4
14,"1","S3","conv",0,0,0
14,"1","S3","low",0,0,0
14,"1","S4","conv",0,0,0
14,"1","S4","low",0,0,0
14,"2","O4","conv",102,44,148
14,"2","O4","low",100,64,185
14,"2","C3","conv",32,36,98
14,"2","C3","low",33,20,95
14,"2","C2","conv",76,64,160
14,"2","C2","low",53,28,121
14,"2","C4","conv",4,2,6
14,"2","C4","low",3,5,11
14,"2","O3","conv",37,29,78
14,"2","O3","low",14,15,31
14,"2","A4","conv",24,17,42
14,"2","A4","low",82,40,127
14,"2","S2","conv",0,1,1
14,"2","S2","low",0,0,0
14,"2","S3","conv",0,0,0
14,"2","S3","low",0,0,0
14,"2","S4","conv",0,2,2
14,"2","S4","low",6,2,6
14,"3","O4","conv",131,83,250
14,"3","O4","low",60,38,128
14,"3","C3","conv",5,25,120
14,"3","C3","low",15,17,57
14,"3","C2","conv",19,14,103
14,"3","C2","low",12,12,59
14,"3","C4","conv",3,5,14
14,"3","C4","low",9,10,21
14,"3","O3","conv",35,29,66
14,"3","O3","low",38,10,47
14,"3","A4","conv",29,24,57
14,"3","A4","low",38,13,53
14,"3","S2","conv",13,15,30
14,"3","S2","low",2,12,18
14,"3","S3","conv",0,0,0
14,"3","S3","low",0,0,0
14,"3","S4","conv",3,0,3
14,"3","S4","low",0,0,0
14,"4","O4","conv",77,41,123
14,"4","O4","low",63,35,111
14,"4","C3","conv",15,27,104
14,"4","C3","low",6,19,74
14,"4","C2","conv",46,56,158
14,"4","C2","low",20,56,194
14,"4","C4","conv",3,1,4
14,"4","C4","low",6,5,10
14,"4","O3","conv",44,18,70
14,"4","O3","low",26,18,57
14,"4","A4","conv",34,17,56
14,"4","A4","low",45,22,64
14,"4","S2","conv",10,14,27
14,"4","S2","low",21,10,30
14,"4","S3","conv",2,0,1
14,"4","S3","low",2,0,1
14,"4","S4","conv",0,0,0
14,"4","S4","low",2,2,3
15,"1","O4","conv",171,108,291
15,"1","O4","low",105,60,166
15,"1","C3","conv",18,19,55
15,"1","C3","low",14,10,50
15,"1","C2","conv",34,25,75
15,"1","C2","low",9,8,31
15,"1","C4","conv",5,2,6
15,"1","C4","low",5,7,18
15,"1","O3","conv",41,31,71
15,"1","O3","low",31,26,62
15,"1","A4","conv",69,51,125
15,"1","A4","low",63,32,97
15,"1","S2","conv",0,2,2
15,"1","S2","low",1,3,8
15,"1","S3","conv",0,0,0
15,"1","S3","low",0,0,0
15,"1","S4","conv",0,0,0
15,"1","S4","low",0,0,0
15,"2","O4","conv",94,46,146
15,"2","O4","low",82,63,162
15,"2","C3","conv",33,25,89
15,"2","C3","low",32,14,81
15,"2","C2","conv",72,64,156
15,"2","C2","low",61,37,134
15,"2","C4","conv",7,9,16
15,"2","C4","low",4,3,9
15,"2","O3","conv",57,40,103
15,"2","O3","low",17,8,40
15,"2","A4","conv",28,9,38
15,"2","A4","low",85,40,129
15,"2","S2","conv",2,4,12
15,"2","S2","low",0,0,0
15,"2","S3","conv",0,0,0
15,"2","S3","low",2,2,4
15,"2","S4","conv",0,0,0
15,"2","S4","low",4,3,10
15,"3","O4","conv",139,85,256
15,"3","O4","low",67,56,153
15,"3","C3","conv",15,28,119
15,"3","C3","low",7,15,48
15,"3","C2","conv",7,13,79
15,"3","C2","low",15,16,58
15,"3","C4","conv",4,10,27
15,"3","C4","low",4,13,22
15,"3","O3","conv",31,30,58
15,"3","O3","low",50,26,83
15,"3","A4","conv",28,21,49
15,"3","A4","low",41,17,64
15,"3","S2","conv",0,0,0
15,"3","S2","low",0,0,0
15,"3","S3","conv",0,0,0
15,"3","S3","low",0,0,0
15,"3","S4","conv",0,0,0
15,"3","S4","low",0,0,0
15,"4","O4","conv",74,44,127
15,"4","O4","low",63,37,108
15,"4","C3","conv",18,23,101
15,"4","C3","low",13,13,67
15,"4","C2","conv",31,39,133
15,"4","C2","low",19,47,184
15,"4","C4","conv",1,4,5
15,"4","C4","low",4,0,11
15,"4","O3","conv",35,18,60
15,"4","O3","low",36,18,59
15,"4","A4","conv",34,16,64
15,"4","A4","low",39,20,72
15,"4","S2","conv",1,0,1
15,"4","S2","low",4,8,18
15,"4","S3","conv",0,0,0
15,"4","S3","low",0,0,0
15,"4","S4","conv",0,0,0
15,"4","S4","low",0,0,0
16,"1","O4","conv",156,106,276
16,"1","O4","low",92,38,143
16,"1","C3","conv",24,16,58
16,"1","C3","low",15,13,51
16,"1","C2","conv",34,25,88
16,"1","C2","low",7,12,40
16,"1","C4","conv",1,2,6
16,"1","C4","low",7,12,28
16,"1","O3","conv",30,24,64
16,"1","O3","low",46,37,87
16,"1","A4","conv",47,37,86
16,"1","A4","low",70,32,99
16,"1","S2","conv",0,3,3
16,"1","S2","low",2,0,2
16,"1","S3","conv",0,0,0
16,"1","S3","low",0,0,0
16,"1","S4","conv",0,0,0
16,"1","S4","low",0,0,0
16,"2","O4","conv",96,40,136
16,"2","O4","low",96,62,168
16,"2","C3","conv",33,26,89
16,"2","C3","low",26,18,92
16,"2","C2","conv",72,61,155
16,"2","C2","low",48,36,117
16,"2","C4","conv",4,2,6
16,"2","C4","low",6,7,25
16,"2","O3","conv",43,32,81
16,"2","O3","low",23,19,44
16,"2","A4","conv",24,10,33
16,"2","A4","low",79,42,126
16,"2","S2","conv",1,3,8
16,"2","S2","low",0,0,0
16,"2","S3","conv",8,0,7
16,"2","S3","low",0,0,0
16,"2","S4","conv",1,0,1
16,"2","S4","low",1,1,5
16,"3","O4","conv",134,85,251
16,"3","O4","low",63,57,154
16,"3","C3","conv",3,24,102
16,"3","C3","low",10,17,61
16,"3","C2","conv",12,9,87
16,"3","C2","low",25,17,74
16,"3","C4","conv",5,4,19
16,"3","C4","low",8,17,27
16,"3","O3","conv",29,28,60
16,"3","O3","low",38,18,51
16,"3","A4","conv",26,17,55
16,"3","A4","low",33,12,50
16,"3","S2","conv",7,1,8
16,"3","S2","low",0,1,1
16,"3","S3","conv",0,0,0
16,"3","S3","low",0,0,0
16,"3","S4","conv",2,2,3
16,"3","S4","low",0,0,0
16,"4","O4","conv",94,54,146
16,"4","O4","low",73,28,98
16,"4","C3","conv",19,22,94
16,"4","C3","low",8,7,51
16,"4","C2","conv",56,60,163
16,"4","C2","low",16,48,191
16,"4","C4","conv",3,2,5
16,"4","C4","low",11,7,31
16,"4","O3","conv",46,13,64
16,"4","O3","low",30,13,58
16,"4","A4","conv",37,22,64
16,"4","A4","low",36,12,56
16,"4","S2","conv",12,5,31
16,"4","S2","low",16,24,43
16,"4","S3","conv",0,0,1
16,"4","S3","low",0,0,0
16,"4","S4","conv",0,0,0
16,"4","S4","low",3,1,15
17,"1","O4","conv",164,109,295
17,"1","O4","low",93,34,127
17,"1","C3","conv",9,9,38
17,"1","C3","low",7,9,46
17,"1","C2","conv",44,57,131
17,"1","C2","low",4,3,23
17,"1","C4","conv",1,4,6
17,"1","C4","low",5,8,16
17,"1","O3","conv",31,25,57
17,"1","O3","low",29,25,61
17,"1","A4","conv",57,43,97
17,"1","A4","low",55,34,90
17,"1","S2","conv",1,0,0
17,"1","S2","low",2,1,3
17,"1","S3","conv",0,0,0
17,"1","S3","low",0,0,0
17,"1","S4","conv",0,0,0
17,"1","S4","low",0,0,0
17,"2","O4","conv",97,40,139
17,"2","O4","low",85,56,151
17,"2","C3","conv",37,28,89
17,"2","C3","low",29,28,96
17,"2","C2","conv",76,63,163
17,"2","C2","low",54,28,127
17,"2","C4","conv",4,2,6
17,"2","C4","low",2,4,23
17,"2","O3","conv",49,40,97
17,"2","O3","low",30,26,58
17,"2","A4","conv",20,9,27
17,"2","A4","low",76,47,130
17,"2","S2","conv",3,3,5
17,"2","S2","low",0,0,0
17,"2","S3","conv",0,0,0
17,"2","S3","low",2,1,6
17,"2","S4","conv",1,0,1
17,"2","S4","low",0,0,2
17,"3","O4","conv",132,87,245
17,"3","O4","low",67,44,143
17,"3","C3","conv",3,22,98
17,"3","C3","low",14,16,49
17,"3","C2","conv",16,14,104
17,"3","C2","low",15,22,81
17,"3","C4","conv",3,3,13
17,"3","C4","low",2,2,5
17,"3","O3","conv",33,26,62
17,"3","O3","low",38,14,53
17,"3","A4","conv",21,15,36
17,"3","A4","low",49,19,67
17,"3","S2","conv",1,4,7
17,"3","S2","low",0,0,0
17,"3","S3","conv",0,0,0
17,"3","S3","low",0,0,0
17,"3","S4","conv",0,0,0
17,"3","S4","low",0,0,0
17,"4","O4","conv",101,56,155
17,"4","O4","low",53,24,76
17,"4","C3","conv",16,21,86
17,"4","C3","low",8,8,74
17,"4","C2","conv",46,46,151
17,"4","C2","low",19,52,208
17,"4","C4","conv",2,1,3
17,"4","C4","low",16,10,32
17,"4","O3","conv",48,50,109
17,"4","O3","low",42,27,71
17,"4","A4","conv",30,17,52
17,"4","A4","low",34,11,53
17,"4","S2","conv",26,17,57
17,"4","S2","low",10,6,17
17,"4","S3","conv",0,0,0
17,"4","S3","low",0,0,0
17,"4","S4","conv",0,0,2
17,"4","S4","low",0,0,0
18,"1","O4","conv",157,98,273
18,"1","O4","low",109,34,148
18,"1","C3","conv",17,13,45
18,"1","C3","low",14,8,47
18,"1","C2","conv",37,28,82
18,"1","C2","low",24,6,41
18,"1","C4","conv",2,0,3
18,"1","C4","low",2,5,10
18,"1","O3","conv",26,28,55
18,"1","O3","low",37,22,55
18,"1","A4","conv",54,38,90
18,"1","A4","low",69,34,100
18,"1","S2","conv",4,2,10
18,"1","S2","low",1,1,1
18,"1","S3","conv",0,0,0
18,"1","S3","low",0,0,0
18,"1","S4","conv",0,0,0
18,"1","S4","low",0,0,0
18,"2","O4","conv",92,39,130
18,"2","O4","low",89,55,156
18,"2","C3","conv",30,25,89
18,"2","C3","low",20,11,72
18,"2","C2","conv",73,62,164
18,"2","C2","low",59,34,115
18,"2","C4","conv",17,4,23
18,"2","C4","low",4,3,14
18,"2","O3","conv",40,27,70
18,"2","O3","low",43,27,64
18,"2","A4","conv",21,9,31
18,"2","A4","low",83,45,133
18,"2","S2","conv",1,1,4
18,"2","S2","low",0,0,0
18,"2","S3","conv",0,1,1
18,"2","S3","low",0,0,0
18,"2","S4","conv",0,0,0
18,"2","S4","low",7,1,5
18,"3","O4","conv",134,82,249
18,"3","O4","low",55,54,135
18,"3","C3","conv",12,32,116
18,"3","C3","low",17,22,56
18,"3","C2","conv",9,17,82
18,"3","C2","low",17,23,71
18,"3","C4","conv",3,4,12
18,"3","C4","low",1,2,5
18,"3","O3","conv",36,29,63
18,"3","O3","low",38,9,50
18,"3","A4","conv",34,39,80
18,"3","A4","low",42,17,61
18,"3","S2","conv",0,2,5
18,"3","S2","low",0,1,1
18,"3","S3","conv",0,0,0
18,"3","S3","low",0,0,0
18,"3","S4","conv",0,0,0
18,"3","S4","low",0,0,0
18,"4","O4","conv",80,46,128
18,"4","O4","low",66,30,116
18,"4","C3","conv",20,16,87
18,"4","C3","low",8,10,63
18,"4","C2","conv",33,44,133
18,"4","C2","low",22,58,211
18,"4","C4","conv",7,4,12
18,"4","C4","low",3,1,5
18,"4","O3","conv",48,33,92
18,"4","O3","low",42,19,62
18,"4","A4","conv",45,21,67
18,"4","A4","low",40,16,58
18,"4","S2","conv",10,6,18
18,"4","S2","low",3,2,3
18,"4","S3","conv",0,0,0
18,"4","S3","low",0,0,0
18,"4","S4","conv",1,0,1
18,"4","S4","low",0,0,0
19,"1","O4","conv",159,109,301
19,"1","O4","low",82,30,124
19,"1","C3","conv",11,14,43
19,"1","C3","low",13,14,55
19,"1","C2","conv",45,37,104
19,"1","C2","low",17,16,64
19,"1","C4","conv",5,1,7
19,"1","C4","low",7,11,28
19,"1","O3","conv",42,27,69
19,"1","O3","low",32,17,46
19,"1","A4","conv",63,41,103
19,"1","A4","low",70,36,106
19,"1","S2","conv",3,7,10
19,"1","S2","low",0,0,0
19,"1","S3","conv",0,0,0
19,"1","S3","low",0,0,0
19,"1","S4","conv",0,0,0
19,"1","S4","low",0,0,0
19,"2","O4","conv",96,44,140
19,"2","O4","low",76,60,169
19,"2","C3","conv",41,26,91
19,"2","C3","low",24,10,69
19,"2","C2","conv",78,65,171
19,"2","C2","low",37,26,92
19,"2","C4","conv",10,9,18
19,"2","C4","low",1,2,7
19,"2","O3","conv",35,26,70
19,"2","O3","low",9,9,22
19,"2","A4","conv",22,16,36
19,"2","A4","low",77,40,122
19,"2","S2","conv",0,3,3
19,"2","S2","low",0,0,0
19,"2","S3","conv",1,0,1
19,"2","S3","low",0,0,0
19,"2","S4","conv",0,0,0
19,"2","S4","low",0,0,0
19,"3","O4","conv",139,85,253
19,"3","O4","low",65,55,148
19,"3","C3","conv",15,26,120
19,"3","C3","low",9,11,41
19,"3","C2","conv",13,6,80
19,"3","C2","low",17,11,71
19,"3","C4","conv",3,3,11
19,"3","C4","low",17,9,38
19,"3","O3","conv",31,27,62
19,"3","O3","low",38,15,57
19,"3","A4","conv",26,18,44
19,"3","A4","low",49,23,72
19,"3","S2","conv",5,2,6
19,"3","S2","low",4,5,8
19,"3","S3","conv",0,0,0
19,"3","S3","low",0,0,0
19,"3","S4","conv",0,0,0
19,"3","S4","low",0,0,0
19,"4","O4","conv",71,41,128
19,"4","O4","low",80,37,121
19,"4","C3","conv",16,21,92
19,"4","C3","low",7,14,71
19,"4","C2","conv",34,47,143
19,"4","C2","low",24,57,201
19,"4","C4","conv",9,1,16
19,"4","C4","low",13,10,47
19,"4","O3","conv",31,28,84
19,"4","O3","low",28,20,63
19,"4","A4","conv",26,13,46
19,"4","A4","low",30,8,37
19,"4","S2","conv",10,2,10
19,"4","S2","low",4,10,14
19,"4","S3","conv",0,0,0
19,"4","S3","low",0,0,0
19,"4","S4","conv",0,0,0
19,"4","S4","low",2,2,5
20,"1","O4","conv",175,106,307
20,"1","O4","low",86,34,139
20,"1","C3","conv",9,9,35
20,"1","C3","low",14,6,39
20,"1","C2","conv",37,32,103
20,"1","C2","low",8,8,35
20,"1","C4","conv",2,2,4
20,"1","C4","low",4,4,10
20,"1","O3","conv",29,23,53
20,"1","O3","low",44,31,78
20,"1","A4","conv",51,45,99
20,"1","A4","low",64,30,103
20,"1","S2","conv",1,2,6
20,"1","S2","low",2,2,8
20,"1","S3","conv",0,0,0
20,"1","S3","low",0,0,0
20,"1","S4","conv",0,0,0
20,"1","S4","low",0,0,0
20,"2","O4","conv",101,41,145
20,"2","O4","low",90,53,152
20,"2","C3","conv",33,29,99
20,"2","C3","low",21,13,89
20,"2","C2","conv",83,69,175
20,"2","C2","low",39,15,101
20,"2","C4","conv",4,1,5
20,"2","C4","low",4,7,15
20,"2","O3","conv",37,27,67
20,"2","O3","low",31,21,53
20,"2","A4","conv",19,19,41
20,"2","A4","low",101,47,155
20,"2","S2","conv",0,7,8
20,"2","S2","low",0,0,0
20,"2","S3","conv",1,0,1
20,"2","S3","low",0,0,0
20,"2","S4","conv",0,0,0
20,"2","S4","low",2,0,1
20,"3","O4","conv",132,83,245
20,"3","O4","low",79,41,149
20,"3","C3","conv",20,38,131
20,"3","C3","low",11,12,44
20,"3","C2","conv",14,8,76
20,"3","C2","low",16,14,59
20,"3","C4","conv",5,3,13
20,"3","C4","low",9,3,13
20,"3","O3","conv",49,42,95
20,"3","O3","low",49,17,63
20,"3","A4","conv",43,31,83
20,"3","A4","low",42,22,65
20,"3","S2","conv",9,1,9
20,"3","S2","low",0,0,0
20,"3","S3","conv",0,0,0
20,"3","S3","low",0,0,0
20,"3","S4","conv",0,0,0
20,"3","S4","low",0,0,0
20,"4","O4","conv",79,45,136
20,"4","O4","low",55,24,86
20,"4","C3","conv",20,22,103
20,"4","C3","low",26,14,85
20,"4","C2","conv",40,54,154
20,"4","C2","low",18,50,188
20,"4","C4","conv",2,4,6
20,"4","C4","low",1,3,3
20,"4","O3","conv",33,23,76
20,"4","O3","low",26,14,41
20,"4","A4","conv",39,25,65
20,"4","A4","low",29,6,51
20,"4","S2","conv",3,6,7
20,"4","S2","low",4,5,15
20,"4","S3","conv",0,1,1
20,"4","S3","low",2,2,4
20,"4","S4","conv",0,0,0
20,"4","S4","low",0,0,0
21,"1","O4","conv",174,112,314
21,"1","O4","low",80,28,109
21,"1","C3","conv",11,11,39
21,"1","C3","low",7,4,44
21,"1","C2","conv",38,28,86
21,"1","C2","low",15,8,40
21,"1","C4","conv",4,3,9
21,"1","C4","low",2,4,13
21,"1","O3","conv",37,30,69
21,"1","O3","low",38,35,91
21,"1","A4","conv",50,45,95
21,"1","A4","low",61,34,96
21,"1","S2","conv",0,2,2
21,"1","S2","low",0,1,2
21,"1","S3","conv",0,0,0
21,"1","S3","low",0,0,0
21,"1","S4","conv",0,0,0
21,"1","S4","low",0,0,0
21,"2","O4","conv",90,43,134
21,"2","O4","low",73,47,125
21,"2","C3","conv",32,24,90
21,"2","C3","low",16,11,83
21,"2","C2","conv",73,66,175
21,"2","C2","low",46,19,110
21,"2","C4","conv",6,3,13
21,"2","C4","low",3,5,11
21,"2","O3","conv",40,33,71
21,"2","O3","low",10,3,23
21,"2","A4","conv",22,16,41
21,"2","A4","low",81,47,130
21,"2","S2","conv",1,5,8
21,"2","S2","low",0,0,0
21,"2","S3","conv",0,0,0
21,"2","S3","low",0,1,1
21,"2","S4","conv",2,2,4
21,"2","S4","low",10,6,16
21,"3","O4","conv",127,83,246
21,"3","O4","low",69,57,157
21,"3","C3","conv",4,29,115
21,"3","C3","low",9,13,42
21,"3","C2","conv",8,11,77
21,"3","C2","low",15,13,61
21,"3","C4","conv",3,3,11
21,"3","C4","low",14,8,20
21,"3","O3","conv",36,27,63
21,"3","O3","low",42,30,93
21,"3","A4","conv",38,31,85
21,"3","A4","low",46,25,85
21,"3","S2","conv",4,2,7
21,"3","S2","low",0,0,0
21,"3","S3","conv",0,0,0
21,"3","S3","low",0,0,0
21,"3","S4","conv",2,2,3
21,"3","S4","low",0,0,0
21,"4","O4","conv",79,50,135
21,"4","O4","low",45,20,68
21,"4","C3","conv",14,21,92
21,"4","C3","low",21,11,73
21,"4","C2","conv",32,42,139
21,"4","C2","low",19,57,217
21,"4","C4","conv",10,8,19
21,"4","C4","low",9,9,21
21,"4","O3","conv",33,22,63
21,"4","O3","low",26,11,52
21,"4","A4","conv",30,21,60
21,"4","A4","low",32,16,54
21,"4","S2","conv",14,10,26
21,"4","S2","low",13,14,33
21,"4","S3","conv",2,0,1
21,"4","S3","low",0,0,0
21,"4","S4","conv",0,0,0
21,"4","S4","low",0,0,1
22,"1","O4","conv",154,96,277
22,"1","O4","low",102,41,165
22,"1","C3","conv",10,9,50
22,"1","C3","low",11,7,50
22,"1","C2","conv",44,37,119
22,"1","C2","low",5,5,24
22,"1","C4","conv",3,6,10
22,"1","C4","low",2,5,13
22,"1","O3","conv",42,32,70
22,"1","O3","low",43,26,71
22,"1","A4","conv",57,47,105
22,"1","A4","low",92,45,136
22,"1","S2","conv",0,0,0
22,"1","S2","low",0,0,0
22,"1","S3","conv",2,3,5
22,"1","S3","low",0,0,0
22,"1","S4","conv",0,0,0
22,"1","S4","low",0,0,0
22,"2","O4","conv",95,42,147
22,"2","O4","low",97,61,155
22,"2","C3","conv",33,27,91
22,"2","C3","low",25,30,100
22,"2","C2","conv",76,67,167
22,"2","C2","low",47,15,90
22,"2","C4","conv",6,1,8
22,"2","C4","low",2,2,8
22,"2","O3","conv",42,30,70
22,"2","O3","low",29,11,33
22,"2","A4","conv",24,21,45
22,"2","A4","low",78,43,124
22,"2","S2","conv",0,0,2
22,"2","S2","low",0,0,0
22,"2","S3","conv",0,0,0
22,"2","S3","low",2,2,3
22,"2","S4","conv",0,1,1
22,"2","S4","low",0,5,6
22,"3","O4","conv",136,86,268
22,"3","O4","low",66,39,140
22,"3","C3","conv",5,26,101
22,"3","C3","low",31,20,86
22,"3","C2","conv",11,15,82
22,"3","C2","low",9,17,67
22,"3","C4","conv",3,3,11
22,"3","C4","low",18,6,21
22,"3","O3","conv",33,24,55
22,"3","O3","low",31,21,53
22,"3","A4","conv",37,25,66
22,"3","A4","low",52,15,65
22,"3","S2","conv",8,3,12
22,"3","S2","low",0,0,0
22,"3","S3","conv",0,0,0
22,"3","S3","low",0,0,0
22,"3","S4","conv",0,0,0
22,"3","S4","low",0,0,0
22,"4","O4","conv",69,41,116
22,"4","O4","low",66,31,94
22,"4","C3","conv",15,18,91
22,"4","C3","low",12,28,94
22,"4","C2","conv",37,46,137
22,"4","C2","low",20,52,202
22,"4","C4","conv",0,1,2
22,"4","C4","low",7,4,9
22,"4","O3","conv",31,18,82
22,"4","O3","low",29,10,40
22,"4","A4","conv",29,12,46
22,"4","A4","low",48,15,62
22,"4","S2","conv",1,3,4
22,"4","S2","low",10,0,9
22,"4","S3","conv",0,0,0
22,"4","S3","low",0,0,0
22,"4","S4","conv",1,0,3
22,"4","S4","low",1,1,1
23,"1","O4","conv",172,114,298
23,"1","O4","low",81,46,127
23,"1","C3","conv",30,13,60
23,"1","C3","low",10,12,53
23,"1","C2","conv",37,30,88
23,"1","C2","low",17,10,43
23,"1","C4","conv",7,4,12
23,"1","C4","low",2,3,9
23,"1","O3","conv",24,22,47
23,"1","O3","low",37,24,59
23,"1","A4","conv",62,39,103
23,"1","A4","low",61,32,93
23,"1","S2","conv",1,0,2
23,"1","S2","low",1,0,4
23,"1","S3","conv",0,0,0
23,"1","S3","low",0,0,0
23,"1","S4","conv",0,0,0
23,"1","S4","low",0,0,0
23,"2","O4","conv",112,49,173
23,"2","O4","low",78,49,130
23,"2","C3","conv",44,31,95
23,"2","C3","low",22,18,73
23,"2","C2","conv",72,62,153
23,"2","C2","low",44,23,93
23,"2","C4","conv",4,6,11
23,"2","C4","low",4,1,14
23,"2","O3","conv",39,29,61
23,"2","O3","low",16,21,45
23,"2","A4","conv",27,15,39
23,"2","A4","low",83,39,124
23,"2","S2","conv",0,0,0
23,"2","S2","low",0,0,0
23,"2","S3","conv",1,0,4
23,"2","S3","low",0,0,0
23,"2","S4","conv",0,0,0
23,"2","S4","low",0,0,0
23,"3","O4","conv",130,87,250
23,"3","O4","low",69,42,139
23,"3","C3","conv",4,26,102
23,"3","C3","low",6,15,53
23,"3","C2","conv",9,7,71
23,"3","C2","low",8,12,55
23,"3","C4","conv",3,5,12
23,"3","C4","low",5,4,12
23,"3","O3","conv",28,24,53
23,"3","O3","low",39,23,62
23,"3","A4","conv",41,21,73
23,"3","A4","low",46,31,96
23,"3","S2","conv",3,2,4
23,"3","S2","low",0,0,0
23,"3","S3","conv",0,0,0
23,"3","S3","low",0,0,0
23,"3","S4","conv",0,0,0
23,"3","S4","low",0,0,0
23,"4","O4","conv",75,43,120
23,"4","O4","low",63,43,109
23,"4","C3","conv",39,33,125
23,"4","C3","low",8,16,66
23,"4","C2","conv",39,50,148
23,"4","C2","low",17,46,181
23,"4","C4","conv",8,11,19
23,"4","C4","low",1,3,7
23,"4","O3","conv",47,33,88
23,"4","O3","low",30,14,56
23,"4","A4","conv",28,18,46
23,"4","A4","low",32,10,44
23,"4","S2","conv",1,2,3
23,"4","S2","low",3,3,7
23,"4","S3","conv",0,0,0
23,"4","S3","low",0,0,0
23,"4","S4","conv",0,0,0
23,"4","S4","low",0,0,0
24,"1","O4","conv",177,113,313
24,"1","O4","low",104,49,161
24,"1","C3","conv",7,10,38
24,"1","C3","low",7,7,38
24,"1","C2","conv",41,28,85
24,"1","C2","low",21,15,47
24,"1","C4","conv",3,0,4
24,"1","C4","low",23,13,40
24,"1","O3","conv",40,35,83
24,"1","O3","low",38,22,66
24,"1","A4","conv",47,38,91
24,"1","A4","low",60,28,87
24,"1","S2","conv",0,0,0
24,"1","S2","low",0,0,0
24,"1","S3","conv",0,2,3
24,"1","S3","low",0,0,0
24,"1","S4","conv",0,0,0
24,"1","S4","low",0,0,0
24,"2","O4","conv",102,48,149
24,"2","O4","low",93,57,158
24,"2","C3","conv",30,24,80
24,"2","C3","low",16,9,77
24,"2","C2","conv",74,61,155
24,"2","C2","low",51,26,104
24,"2","C4","conv",10,3,13
24,"2","C4","low",7,11,23
24,"2","O3","conv",52,36,95
24,"2","O3","low",16,10,34
24,"2","A4","conv",27,26,64
24,"2","A4","low",90,44,139
24,"2","S2","conv",1,0,1
24,"2","S2","low",0,0,0
24,"2","S3","conv",0,0,0
24,"2","S3","low",2,3,5
24,"2","S4","conv",0,0,0
24,"2","S4","low",2,0,2
24,"3","O4","conv",131,81,238
24,"3","O4","low",82,48,163
24,"3","C3","conv",4,25,102
24,"3","C3","low",10,10,53
24,"3","C2","conv",7,7,69
24,"3","C2","low",19,11,65
24,"3","C4","conv",3,3,11
24,"3","C4","low",2,3,6
24,"3","O3","conv",29,25,58
24,"3","O3","low",35,14,47
24,"3","A4","conv",44,39,83
24,"3","A4","low",36,14,51
24,"3","S2","conv",2,0,2
24,"3","S2","low",1,0,5
24,"3","S3","conv",0,0,0
24,"3","S3","low",0,0,0
24,"3","S4","conv",0,0,0
24,"3","S4","low",0,0,0
24,"4","O4","conv",67,43,114
24,"4","O4","low",72,31,117
24,"4","C3","conv",14,17,86
24,"4","C3","low",19,21,104
24,"4","C2","conv",31,42,132
24,"4","C2","low",22,47,189
24,"4","C4","conv",1,2,12
24,"4","C4","low",9,7,14
24,"4","O3","conv",43,28,101
24,"4","O3","low",17,20,43
24,"4","A4","conv",28,15,48
24,"4","A4","low",31,7,39
24,"4","S2","conv",3,4,8
24,"4","S2","low",23,14,43
24,"4","S3","conv",1,0,1
24,"4","S3","low",2,1,2
24,"4","S4","conv",0,2,1
24,"4","S4","low",2,0,2
